,name,comment,opentime,address,content
0,1.宗舖師小吃殿,4.8,現正營業: 10:30-19:30,高雄市鼓山區鼓元街93號,"宗舖師小吃殿 是鼓山西子灣新開的小吃店，餐館位於哈瑪星代天宮旁，主廚曾經營日本料理店十多年，也擅長中式辦桌菜，秉持著職人精神用心烹調每一份餐點；醬料都是自家特製調配，不使用味精，提供古早味赤肉羹、五香叉燒飯、大腸豬血湯、羹麵、紅油炒手等美食，內用還有免費供應飲料，很多中山大學的學生都會來這裡用餐。招牌必吃的赤肉羹是以辦桌菜魚翅焿為基底(無魚翅)，能吃到微勾芡的滑順感，赤肉羹條、虱目魚肉條口感豐富鮮香～想吃更飽足可以搭配一碗五香叉燒飯，再點一份加了自製蒜蓉醬、肉燥醬汁的燙青菜享用。 ▲內用免費供應飲料，可自行取用。 ▲赤肉羹 60元 招牌必吃的赤肉羹是以辦桌菜魚翅羹為基底(無魚翅)，稍微勾芡帶來滑順感，搭配赤肉羹條、虱目魚肉條，吃起來口感豐富鮮香。 ▲經典辦桌菜魚翅羹湯底甘醇好喝。(無魚翅) ▲赤肉羹條外層滑嫩又扎實，加上虱目魚肉條的鮮香很美味，還有微脆高麗菜帶來層次口感。 ▲五香叉燒飯 65元 自家滷製的五香叉燒是選用梅花肉以低溫熟成料理，肉質非常軟嫩入味，吃起來甘醇鮮香，搭配肉燥多了Q彈感及油脂香很唰嘴，還有附清炒蕈菇蔬菜平衡味蕾。 ▲淋上肉燥及滷汁吃起來更香醇。 ▲五香叉燒軟嫩好吃～ ▲加上淋了滷汁的白飯享用很唰嘴。 ▲有附清炒時蔬。 ▲紅油炒手 60元 紅油炒手是使用自家包製的餛飩，口感軟Q鮮香，搭配炒辣油吃起來香麻辛辣。 ▲大腸豬血湯 60元 大腸豬血湯使用柴魚、菜心、大骨、昆布熬煮高湯，滋味甘醇爽口，有酸菜的自然酸香，喝起來很清爽。 ▲豬血口感細嫩，大腸處理得很乾淨，鮮香脆嫩好吃，還能吃到肉焿條。 ▲豬皮 25元 豬皮滷得很入味，滋味甘醇微鹹，軟嫩帶點Q黏口感，不會覺得油膩。 ▲燙青菜 50元 燙青菜有空心菜、地瓜葉可選擇，這份空心菜淋上自製蒜蓉醬、肉燥醬汁，吃起來鹹甜富含蒜香。 地址 高雄市鼓山區鼓元街93號 營業時間 週一至週日 10:30-19:30 電話 07-5210306 有提供外送服務：一公里滿150元外送，請打電話洽詢 宗舖師小吃殿FB粉絲團



著作權聲明：虎麗笑嗨嗨刊載之圖片、文字、影像、影片均受著作權保護，未經授權同意不得將本網站內容進行複製、轉載、存取修改或提供給第三方使用於商業用途。若有相關需求請務必先來信詢問，本網站刊載之內容所附屬相關浮水印或商標嚴禁更改或移除。





相關 著作權聲明：虎麗笑嗨嗨刊載之圖片、文字、影像、影片均受著作權保護，未經授權同意不得將本網站內容進行複製、轉載、存取修改或提供給第三方使用於商業用途。若有相關需求請務必先來信詢問，本網站刊載之內容所附屬相關浮水印或商標嚴禁更改或移除。 輸入你的電子郵件地址訂閱虎麗的新文章 電子郵件位址 訂閱"
1,2.鄉蓹,5.0,現正營業: 10:00-22:00,高雄市鼓山區鼓南街42號,"宗舖師小吃殿 是鼓山西子灣新開的小吃店，餐館位於哈瑪星代天宮旁，主廚曾經營日本料理店十多年，也擅長中式辦桌菜，秉持著職人精神用心烹調每一份餐點；醬料都是自家特製調配，不使用味精，提供古早味赤肉羹、五香叉燒飯、大腸豬血湯、羹麵、紅油炒手等美食，內用還有免費供應飲料，很多中山大學的學生都會來這裡用餐。招牌必吃的赤肉羹是以辦桌菜魚翅焿為基底(無魚翅)，能吃到微勾芡的滑順感，赤肉羹條、虱目魚肉條口感豐富鮮香～想吃更飽足可以搭配一碗五香叉燒飯，再點一份加了自製蒜蓉醬、肉燥醬汁的燙青菜享用。 ▲內用免費供應飲料，可自行取用。 ▲赤肉羹 60元 招牌必吃的赤肉羹是以辦桌菜魚翅羹為基底(無魚翅)，稍微勾芡帶來滑順感，搭配赤肉羹條、虱目魚肉條，吃起來口感豐富鮮香。 ▲經典辦桌菜魚翅羹湯底甘醇好喝。(無魚翅) ▲赤肉羹條外層滑嫩又扎實，加上虱目魚肉條的鮮香很美味，還有微脆高麗菜帶來層次口感。 ▲五香叉燒飯 65元 自家滷製的五香叉燒是選用梅花肉以低溫熟成料理，肉質非常軟嫩入味，吃起來甘醇鮮香，搭配肉燥多了Q彈感及油脂香很唰嘴，還有附清炒蕈菇蔬菜平衡味蕾。 ▲淋上肉燥及滷汁吃起來更香醇。 ▲五香叉燒軟嫩好吃～ ▲加上淋了滷汁的白飯享用很唰嘴。 ▲有附清炒時蔬。 ▲紅油炒手 60元 紅油炒手是使用自家包製的餛飩，口感軟Q鮮香，搭配炒辣油吃起來香麻辛辣。 ▲大腸豬血湯 60元 大腸豬血湯使用柴魚、菜心、大骨、昆布熬煮高湯，滋味甘醇爽口，有酸菜的自然酸香，喝起來很清爽。 ▲豬血口感細嫩，大腸處理得很乾淨，鮮香脆嫩好吃，還能吃到肉焿條。 ▲豬皮 25元 豬皮滷得很入味，滋味甘醇微鹹，軟嫩帶點Q黏口感，不會覺得油膩。 ▲燙青菜 50元 燙青菜有空心菜、地瓜葉可選擇，這份空心菜淋上自製蒜蓉醬、肉燥醬汁，吃起來鹹甜富含蒜香。 地址 高雄市鼓山區鼓元街93號 營業時間 週一至週日 10:30-19:30 電話 07-5210306 有提供外送服務：一公里滿150元外送，請打電話洽詢 宗舖師小吃殿FB粉絲團



著作權聲明：虎麗笑嗨嗨刊載之圖片、文字、影像、影片均受著作權保護，未經授權同意不得將本網站內容進行複製、轉載、存取修改或提供給第三方使用於商業用途。若有相關需求請務必先來信詢問，本網站刊載之內容所附屬相關浮水印或商標嚴禁更改或移除。





相關 著作權聲明：虎麗笑嗨嗨刊載之圖片、文字、影像、影片均受著作權保護，未經授權同意不得將本網站內容進行複製、轉載、存取修改或提供給第三方使用於商業用途。若有相關需求請務必先來信詢問，本網站刊載之內容所附屬相關浮水印或商標嚴禁更改或移除。 輸入你的電子郵件地址訂閱虎麗的新文章 電子郵件位址 訂閱"
2,3.元啡驢派,4.6,今日營業: 12:00-18:00,高雄市鹽埕區建國四路276號,"宗舖師小吃殿 是鼓山西子灣新開的小吃店，餐館位於哈瑪星代天宮旁，主廚曾經營日本料理店十多年，也擅長中式辦桌菜，秉持著職人精神用心烹調每一份餐點；醬料都是自家特製調配，不使用味精，提供古早味赤肉羹、五香叉燒飯、大腸豬血湯、羹麵、紅油炒手等美食，內用還有免費供應飲料，很多中山大學的學生都會來這裡用餐。招牌必吃的赤肉羹是以辦桌菜魚翅焿為基底(無魚翅)，能吃到微勾芡的滑順感，赤肉羹條、虱目魚肉條口感豐富鮮香～想吃更飽足可以搭配一碗五香叉燒飯，再點一份加了自製蒜蓉醬、肉燥醬汁的燙青菜享用。 ▲內用免費供應飲料，可自行取用。 ▲赤肉羹 60元 招牌必吃的赤肉羹是以辦桌菜魚翅羹為基底(無魚翅)，稍微勾芡帶來滑順感，搭配赤肉羹條、虱目魚肉條，吃起來口感豐富鮮香。 ▲經典辦桌菜魚翅羹湯底甘醇好喝。(無魚翅) ▲赤肉羹條外層滑嫩又扎實，加上虱目魚肉條的鮮香很美味，還有微脆高麗菜帶來層次口感。 ▲五香叉燒飯 65元 自家滷製的五香叉燒是選用梅花肉以低溫熟成料理，肉質非常軟嫩入味，吃起來甘醇鮮香，搭配肉燥多了Q彈感及油脂香很唰嘴，還有附清炒蕈菇蔬菜平衡味蕾。 ▲淋上肉燥及滷汁吃起來更香醇。 ▲五香叉燒軟嫩好吃～ ▲加上淋了滷汁的白飯享用很唰嘴。 ▲有附清炒時蔬。 ▲紅油炒手 60元 紅油炒手是使用自家包製的餛飩，口感軟Q鮮香，搭配炒辣油吃起來香麻辛辣。 ▲大腸豬血湯 60元 大腸豬血湯使用柴魚、菜心、大骨、昆布熬煮高湯，滋味甘醇爽口，有酸菜的自然酸香，喝起來很清爽。 ▲豬血口感細嫩，大腸處理得很乾淨，鮮香脆嫩好吃，還能吃到肉焿條。 ▲豬皮 25元 豬皮滷得很入味，滋味甘醇微鹹，軟嫩帶點Q黏口感，不會覺得油膩。 ▲燙青菜 50元 燙青菜有空心菜、地瓜葉可選擇，這份空心菜淋上自製蒜蓉醬、肉燥醬汁，吃起來鹹甜富含蒜香。 地址 高雄市鼓山區鼓元街93號 營業時間 週一至週日 10:30-19:30 電話 07-5210306 有提供外送服務：一公里滿150元外送，請打電話洽詢 宗舖師小吃殿FB粉絲團



著作權聲明：虎麗笑嗨嗨刊載之圖片、文字、影像、影片均受著作權保護，未經授權同意不得將本網站內容進行複製、轉載、存取修改或提供給第三方使用於商業用途。若有相關需求請務必先來信詢問，本網站刊載之內容所附屬相關浮水印或商標嚴禁更改或移除。





相關 著作權聲明：虎麗笑嗨嗨刊載之圖片、文字、影像、影片均受著作權保護，未經授權同意不得將本網站內容進行複製、轉載、存取修改或提供給第三方使用於商業用途。若有相關需求請務必先來信詢問，本網站刊載之內容所附屬相關浮水印或商標嚴禁更改或移除。 輸入你的電子郵件地址訂閱虎麗的新文章 電子郵件位址 訂閱"
3,4.渡船頭海之冰,4.4,現正營業: 11:00-23:00,高雄市鼓山區濱海一路76號,"渡船頭海之冰（大碗冰創始店）地址：高雄市鼓山區濱海一路76號電話：07 551 3773營業時間：11:00~23:30（禮拜一公休） 尼力從學生時期吃到現在的渡船頭海之冰冰不是特別好吃，而是特別有噱頭一定要點大碗公冰，才知道店家的威力阿！！！ 位於旗津渡船頭的渡船頭海之冰是大碗冰創始店，遊客最愛朝聖的消暑景點 店面從原本的兩間變成4間，威力很驚人阿～～牆壁上密密麻麻的塗鴉簽名，有帶筆的也可以畫押一下唷～ 即使是寒冷的天氣，依舊吸引旅客、觀光客朝聖附近就屬於渡船頭海之冰最有人氣我個人很愛斜對面的杏仁豆腐冰阿～ 餐點很多元，看到會眼花阿～洛神花茶我個人大力推薦，冰品就看個人口味說實話並沒有特別好吃，也沒有獨特風味，特別在碗公的大小 從2倍到20倍，當天我們選擇了15倍～30多個人吃還另外加點了3樣冰品一起享用 大碗公冰以倍數來換算，價格算是很貴主要來吃的是大碗公的噱頭，無法與美味平行阿 紅豆芋圓冰上面還有淋上了邪惡的煉乳，兩倍大的份量還蠻豐盛的有煉乳的甜，很快的上面的料都被吃光了，剩下挫冰XDD 綜合八寶冰還搭上了古早味的小粉圓唷～帶有古早味的挫冰 各式各樣的配料，讓冰品更順口 布丁挫冰迎合小朋友口味的ㄉㄨㄞㄉㄨㄞ布丁，不知道採用哪家布丁（統一的嗎＠＠） 從小到大碗，我們都有點到～ 服務生正在裝置我們的15倍大碗公冰，即將登場！！ 15倍的綜合水果冰如果是芒果季節，一定要點芒果才過癮阿～其實水果的份量沒有很多，主要味道都是來自於草莓醬提味底下都是挫冰阿～～～～看起來很豐盛，吃起來還是點小碗的划算唷！ 綜合水果冰60元，乘以15倍，這碗冰要900元！！！！！！！就看客官們如何看待囉～～所以尼力說這是吃噱頭阿對旅客來說會眼睛一亮，值得拍照留戀的驚喜 大人小孩搶食的畫面，一起消暑吧～（記得用公用湯匙） 很有噱頭的消暑勝地-渡船頭海之冰路過一定要來朝聖這知名的挫冰店唷～點碗挫冰消暑吧！即使是冬天，依舊很多人潮唷～ 渡船頭海之冰（大碗冰創始店）地址：高雄市鼓山區濱海一路76號電話：07 551 3773營業時間：11:00~23:30（禮拜一公休） 那個布丁看起來應該是義美的~~ ㄏ哈!希望是義美的啊! 我覺得是吃噱頭&amp;名氣的店呀…
有點過10人份 只有冰是×10倍 料大概6~7倍吧…… 其他冰品就沒那麼合我胃XDDD 料真的會很空虛～單點還是比較實在阿
不過大碗公噱頭十足 布丁是義美的哦 good 歡迎業配聯繫：[email protected] ░░ 美食、旅遊懶人包 ░░
☻ 夏日消暑冰品
☻高雄手搖茶飲
☻ 高雄春捲.潤餅美食
☻ 高雄吃到飽
☻ 高雄好吃酸菜魚
☻ 高雄輕軌美食、景點
☻ 高雄牛肉麵推薦
☻ 高雄餐酒館推薦
☻ 家庭聚餐推薦美食
☻ 小琉球 吃喝玩樂
☻ 高雄鐵板燒美食推薦
☻ 高雄無菜單推薦
☻ 高雄燒肉
☻ 瑞豐夜市必吃美食
☻ 高雄燒肉、燒肉吃到飽
☻ 龍華市場美食 
☻ 墾丁恆春美食
☻ 高雄香腸大腸
☻ 高雄飯糰
☻ 燒臘、三寶飯、燒腩
☻ 浮誇系丼飯
☻ 高雄老宅
☻ 高雄麵糊蛋餅推薦
☻ 高雄必追包子、饅頭專賣店
☻ 高雄麻糬推薦
☻ 小籠包、蒸餃、湯包
☻ 苓雅市場美食
☻ 防疫外帶美食
☻ 宅在家玩麵包烘焙
☻ 高雄雞蛋糕
☻ 三民市場美食
☻ 高雄屏東熱門親子旅遊
☻ 好吃蔥油餅
☻ 節慶聚餐
☻ 高雄芒果冰
☻ 恆春墾丁 旅遊
☻ 麵包、吐司、手作烘焙
☻ 巨蛋商圈 聚餐
☻ 高雄烤鴨
☻ 高雄披薩
☻高雄必吃鴨肉飯、麵
☻高雄臭豆腐
☻ 高雄散步美食
☻芋頭控
☻ 鐵板牛排
☻ 巨蛋商圈美食懶人包
☻ 小琉球好吃好玩全記錄
☻ 高雄素食、蔬食
☻ 文山特區美食特輯
☻ 日本料理特輯
☻ 高雄好吃泰式料理
☻ 懶人包熱壓土司三明治
☻高雄必吃古早味蛋餅
☻ 高雄拉麵懶人包
☻ 高雄咖啡特輯
☻  高雄必吃甜點 
☻ 嚴選超過50家高雄必吃路邊攤小吃、超夯人氣美食
☻ 精選高雄老店小吃、老店家，超過30年人氣老店持續發燒（超過60間）
☻ 瑞豐夜市美食
☻ 台南好吃好玩
☻ 鹽埕美食
☻ 起司控特輯
☻ 高雄人氣飲品
☻ 高雄早午餐特輯
☻ 日本料理特輯
☻ 高雄咖啡特輯
☻ 高雄甜點
☻ 高雄韓國料理大特輯
☻ 高雄泰式料理
☻ 高雄拉麵懶人包
☻ 高雄必吃古早味蛋餅
☻ 懶人包熱壓土司三明治
☻ 高雄涼麵大集合
☻ 高雄港式料理
☻ 高雄約會聚餐特輯
☻ 高雄必買伴手禮
☻ 高雄火鍋特輯
☻ 懶人包日式拉麵
☻ 高雄港式料理
☻ 超過30年人氣老店（超過60間）
☻ 網路超夯宅配、團購 
☻ 高雄必吃麵攤
☻ 泰式料理特輯
☻ 屏東旅遊 X 屏東美食懶人包
☻ 高雄燈會、衛武營燈會"
4,5.興隆居,3.9,今日營業: 04:30-11:30,高雄市前金區六合二路186號,"每次想吃興隆居的燒餅油條或是湯包都是就近前往復興路上的興隆居，反而六合二路的興隆居老店已經N年沒來過了，一直以為興隆居復興店是分店，看了新聞才知道復興店是興隆居老闆的前女婿，原由是大女兒在復興店開分店，老店無條件同意讓他們使用店名，各自經營，不過後來大女兒離婚、退出分店經營，改名元興居，賣的東西還是差不多，兩間的價格略有不同，元興居的燒餅23元、油條17元，便宜一點，湯包則是一樣25元。 愛吃興隆居燒餅的我，特地在年初五開工就過來興隆居老店吃早餐，造訪時已接近中午11點快打烊了，沒想到還是有不少人排隊，好在趕上最後一籠出爐的湯包。 興隆居老店的排隊動線總是讓人詬病，排包子的、排燒餅的、或是只想買其他品項的、結帳的通通都擠在同一線上，雖然店家想改善並找尋新店面，但多年過去依舊沒找到合適的地點只好將就，所以除非是老客人可以體諒，不然很容易招來一星負評。 人雖多雜亂，但大家還是很守秩序排隊點餐、取餐。第一次來的客人，排隊時最好懂得要分工合作，因為排湯包的是一個隊伍，排燒餅油條的又是另一個隊伍，所以同時分兩個人排隊，最省時，其他的人就趕快到隔壁內用區找位子。 就像是自助餐方式，拿著餐盤然後拿取湯包、燒餅油條，後面還有許多傳統早餐料理，像是蛋餅、蘿蔔糕、飯糰、鍋貼、水煎包…種類繁多，走到最後面就是點豆漿、米漿之類的飲料，並同時結帳。 興隆居的湯包是土豆哥的最愛，現做現蒸，熱騰騰出爐，大口咬下，會爆漿噴汁，吃的時候真的要非常小心。2024年湯包的價格是25元有開發票，回看2017年的食記，當時的湯包是18元，燒餅是15元，油條才12元。 買一顆湯包是塑膠袋裝，要買兩顆才是紙盒裝。 興隆居燒餅則是捲捲的最愛，印象中元興居的燒餅我覺得太鹹了，而且吃完很容易脹氣，所以後來我很少吃。這天排了那麼久一口氣買了兩塊，不僅覺得味道剛好不過鹹，還是我喜歡厚實的咬感。因為我不喜歡一咬下去是空心的感覺，沒有麵粉的扎實，酥皮散掉滿地的那種燒餅。 興隆居油條也好吃。 雖然是油炸，但沒油膩感。外層酥脆，中間軟綿富麵粉香。我習慣都買半根夾燒餅。 樸實無花巧的台灣古早味早點比起西式Brunch更來的令人百吃不厭。 燒餅蔥蛋也讓客人很愛。 ▼興隆居老店菜單 結帳後先在隔壁內用區拍照 傳統早餐的老味道，遞到嘴邊已聞到芝麻香，一口咬下去，外皮一點點酥裡面有一點軟，非常滿意。 吃這大湯包的技巧就是，咬下去的同時，嘴巴要稍微吸一下湯汁，不然湯汁一定會滴出或爆漿。所以微吸時，也要很小心，以免被湯汁燙傷，所以咬下時要有點技巧。我喜歡湯包肉餡乾淨的味道，菜比例多一點，有清脆的口感，不喜那種一球圓圓肉餡的肉包味，很多肉的反而我不愛。 興隆居湯包屬於清香甘甜味，不是那種濃郁醃製的肉包味。若喜歡重口味的，還可以沾一下店家備置的蔥蒜醬油。不過我們比較喜歡趁熱吃原味的湯包，味道真的很清甜好吃。 米漿早早就賣完了，我買的是豆漿。店面還掛上紅布條強調他們的豆漿不加消泡劑，純手工撈沫，多了安心。 ▼內用空間用餐區雖有簡單裝潢，但年代久了有點舊，而且因為人多，座位區仍有點擁擠，所以我們幾乎都是外帶居多。 高雄市前金區六合二路186號。(07)261-6787。FB。04:30~11:30。週一、二休。 發佈留言必須填寫的電子郵件地址不會公開。 必填欄位標示為 * 留言 * 顯示名稱 * 電子郵件地址 * 個人網站網址 在瀏覽器中儲存顯示名稱、電子郵件地址及個人網站網址，以供下次發佈留言時使用。 FB、IG、Youtube平台 高雄/台南/ 嘉義 美食與旅遊分享。
FB：#捲捲和土豆拿鐵
Blog: #捲捲和土豆拿鐵
#高雄美食 #台南美食 #高雄 #高雄景點 #美食 #旅行 #台中美食 #台北美食"
5,6.Mi'S Cafe' 謎思咖啡,4.4,現正營業: 08:00-17:00,高雄市鼓山區鼓山一路59號,"謎思咖啡還沒搬家前，捲捲早就是常客，尤其最喜歡他們家台灣首創的瓶裝濃縮咖啡，常常一買就是好幾罐，冰在家裡冰箱，隨時都可以喝到濃醇的義式咖啡。自從謎思咖啡搬家到鼓山一路兩年後了，我們直到今天才第一次來朝聖。 這間老房子，老闆說已經快100歲了！你看騎樓的門柱，就有夠古了吧。 一樓最大的位置就是這一桌，一樓其他座位就是高腳椅的吧檯座位。 二樓空間非常寬敞舒適 ▼Menu。最大的亮點就是假日限定。 ▼台式吉拿棒佐黑糖拿鐵 ▼來這裡，不是只吃有名的水較、牛肉麵，還是要點一杯好喝的精品咖啡才對！ ▼回家前，一定還要外帶一瓶濃縮咖啡，冰在冰箱裡，隨時都可以喝得到香醇的義式咖啡。 地址：高雄市鼓山區鼓山一路59號 營業時間： 09:00–17:00。周三公休 電話號碼： 07 531 5789。官網。粉絲專頁。 延伸閱讀：謎思咖啡。謎思濃縮咖啡。拯救了我的咖啡癮 謎思咖啡在舊址時的食記： 捲捲第一次造訪謎思咖啡Mi’S MATE創始店是2012年的時候，迄今謎思在高雄已有3間直營店。這段期間高雄開了許多大大小小的咖啡館，也關了不少。一間咖啡館若單純靠只靠賣咖啡，其實是很難經營的。 謎思咖啡沒有被市場所淘汰，我想應該是除了自家烘豆且維持品質，兼賣餐點培養出固定的熟客外，業主仍然不斷創新想辦法拓展其他財源，像是近年推出的全台首創的瓶裝濃縮咖啡就是。 雖然捲捲很少到店裡喝咖啡，但自從去年喝過之後，我與捲媽，以及身邊許多友人都成了謎思濃縮咖啡的重度使用者。 市中店提供早午餐、甜點。 他們家的濃縮咖啡都經過國際咖啡評鑑權威｢Coffee Review｣認證90分以上，每一支配方豆都是咖啡師拼配出最佳的咖啡風味組合，透過評鑑是對自家咖啡的自信與肯定，也給予顧客信任感。 關於 Coffee Review 咖啡評鑑: 1997年成立的「咖啡評鑑(Coffee Review)」是全世界第一個將類似葡萄酒的百分制評分系統轉換成咖啡評分系統、並引進咖啡業界的機構，可說是目前國際上具公正性和權威的咖啡評鑑組織之一。在1997年由曾經獲得美國精品咖啡協會咖啡文學特別貢獻獎的 Kenneth Davids 所創立，成立至今已十餘年。 「Coffee Review」與正式生豆杯測競賽不同的地方，在於除了單一生豆的品質之外，也加入了綜合配方的評分，使得烘豆師的烘焙技巧與配豆觀念佔了更大的影響。 這樣更貼近商業上的考量，每年都有來自世界各國的咖啡烘焙廠商不斷的將烘焙後的咖啡豆送去評鑑，即使評鑑送審費用再加上國際運費整個計算下來價格不斐，但仍吸引眾多烘焙廠商送審，就是希望能從第三方公正的單位來獲取意見，作為烘焙業者精進及改良烘焙配方的依據。 Coffee Review 也會將評鑑分數與內容公佈在其網站上。得到優異成績的咖啡豆幾乎都在市場上掀起一陣搶購熱潮，真的可說是咖啡購買指南。 ▼母親節限定 美珠濃縮咖啡 這是咖啡師2017年用母親的名字”美珠”調配的配方豆，咖啡送美國評鑑，獲得CR93分，今年趁著母親節到來，謎思咖啡再次推出母親節限定美珠濃縮咖啡。捲捲已買了5瓶，除了送朋友也自己喝。 可以單買或購買禮盒組。 濃縮咖啡購買:https://lihi1.cc/7EzTz。 Pinkoi購買: https://lihi1.com/0wc3K ▼2012.11.11首訪 來一杯咖啡或一壺花茶，慢慢的品嚐聞香，輕輕鬆鬆的享受悠閒時光，最是舒服自在。 走進店內，環境以簡潔俐落線條為基底，結合木料家具、皮製沙發座與溫暖光源，為迷思咖啡注入人文味與暖意。 我坐在座位上，不時瞥見吧檯內barista的專注神情，融合店內飄出的咖啡香氣，如此氛圍令我升起一股在自家廚房的親切感受。 【謎思咖啡】雖然沒有複雜華麗的裝潢，卻有一種親切溫馨感。並不因為地處偏冷而孤芳自賞，憑著好料理與網路的好口碑，創造近悅遠來的小店傳奇。 FB、IG、Youtube平台 高雄/台南/ 嘉義 美食與旅遊分享。
FB：#捲捲和土豆拿鐵
Blog: #捲捲和土豆拿鐵
#高雄美食 #台南美食 #高雄 #高雄景點 #美食 #旅行 #台中美食 #台北美食"
6,7.阿珠的店,4.4,現正營業: 11:00-21:00,高雄市鼓山區濱海一路64號,"菓子の幸福週記 發表篇數：1304篇 文章類別：美食-食記心得 縣市地區：高雄市 > 鼓山區 阿珠的店
地址：高雄市鼓山區濱海一路64號
電話：07-5514213
營業時間：11:00~21:00(周一公休) 大家最喜歡吃學校附近的美食，俗擱大碗吃很飽，去旗津一定會來渡船頭，散步美食要吃什麼呢？中山大學學生最愛的平價餐廳，阿珠的店在鼓山輪渡站旁邊，門口就有機車停車格很方便，有炒飯、特燒、鍋燒意麵、沙茶類、滑蛋類、義大利麵、蓋飯等等，選擇超豐富，通通都是銅板價格，60元起就可以飽足一餐 店內冷氣開放 我們平日中午用餐時間來的，發現都是男學生來用餐居多，不用100元可以吃很飽，+10元還送汽水，CP值超高 阿珠的店菜單，只要65元就可以吃到義大利麵，光是醬汁就有5種可以選，有咖哩、奶油、茄汁、青醬、酸辣，想怎麼搭就怎麼搭 看到隔壁同學點小卷義大利麵，馬上說我也要那個！份量超狂，小卷居然有兩大隻耶！ 青醬小卷義大利麵 NT.150 最喜歡青醬九層塔的獨特香氣，醬汁分布均勻，吃起來濕潤不乾澀，濃郁誘人胃口大開，色香味俱全 兩隻小卷擺好擺滿，專程來吃小卷就夠本了 闆娘說小卷是每天去漁港採購回來，新鮮肥美又大尾，嫩Q彈牙超好吃，遇到當天漁獲比較小隻的時候還會給3隻喔！ 泰式海鮮總匯飯 NT.90 焗烤+30 很久沒有外食了，超想念焗烤的邪惡牽絲，馬上吃起來 泰式海鮮總匯有雞肉、蔬菜、魷魚、鮮蝦、蛤蜊，用料滿滿，本來以為會又酸又辣，完全不會喔！有著泰式香料的香氣，口感是很溫潤的綿密 小卷義大利麵氣勢真的大贏，同行友人讚不絕口，還想二訪的美味，推薦給澎油們 菓子の幸福週記 加LINE官方好友掌握最新優惠訊息 
                    窩客島官方LINE：https://lin.ee/CNXVF2Bf 【萬巒免費景點】屏東可可園區享受草地野餐的慵 【哈瑪星美食】家味堂專業炒飯中山大學美食地圖 登入即可繼續觀看為你推薦，並瀏覽符合個人興趣的文章 菓子の幸福週記 發表篇數：1304篇 區域：高雄市楠梓區 區域：高雄市左營區 區域：高雄市左營區 區域：高雄市楠梓區 區域：高雄市鳳山區 登入即可繼續觀看為你推薦，並瀏覽符合個人興趣的文章 廣告刊登服務專線:(02)2377-8068轉分機 3204 版權所有，未經許可，不許轉載 © 2024 WALKERMEDIA CO.,LTD. All Rights Reserved. 我傳媒科技股份有限公司 WALKERMEDIA CO.,LTD. 公司名稱：我傳媒科技股份有限公司 統編：82884789 地址：台北市內湖區瑞湖街160號3樓 Follow Us"
7,8.Shoreline Coffee & Roaster｜海岸線咖啡_西灣店,4.0,現正營業: 11:00-18:00,高雄市鼓山區蓮海路90號2樓,高雄鼓山｜跟預期有點落差的海岸線咖啡Shoreline Coffee & Roaster（西灣店）地址｜高雄市鼓山區蓮海路90號2樓電話｜07-5250001營業時間｜週一至週日11：00-18：00粉絲專頁｜https://www.facebook.com/shorelinecoffeeroaster/ 天氣實在好怪啊，前陣子已經轉為近似夏天的炎熱，這兩天又變得寒風陣陣（抖），今天難得老公的表妹來找我們玩，想說不如去西子灣好了，我喜歡的海岸線咖啡好像也在這裡開了新分店，就決定去看看哩 開車過來的話，可以將車子停放在中山大學海堤停車場，然後再慢慢走過來。 入口有放置一個可愛的小牌子，左轉進來就是哩 海岸線咖啡西灣店在二樓，走上樓後會看到外面空曠的平台，這裡有三組座位可使用。但是當天抵達的時候，不知道為什麼有聞到燒東西的味道，後來才發現旁邊的沙灘，好像有人在生火彈吉他聊天（？），這樣是可以的嗎？因為味道太重了，所以我們就趕快上樓，想說進去看看有無座位。 但不意外，今天是假日，裡面滿滿都是人，有一張桌子上面放了預約牌，但仍有看到沒人的小空桌。 服務人員問了一下我們的人數，表示現在內用沒有位置（嗯？），但可以做外帶然後可以在戶外座位，或是也可以掃桌面上的QRcode候位，有位置會再通知我們。後來我們決定做外帶杯，在外面小待一下看個海就好，不然外面味道真的太臭了…… 附上海岸線咖啡在 google map 上的菜單給大家參考。點完餐後，服務人員告知現在人比較多，餐點要等一下，由於前兩週去過燈塔店，燈塔店的人潮還比這裡多，但出餐速度也不算非常慢，想說這裡應該不會差太多，就答應了 但後來一等就是超過半個小時？？？因為真的太久了，我們決定去問問進度，如果還沒有製作，就乾脆取消吧．．．後來服務人員指著桌上的飲品，剛好是我們的，表示先給我們飲品，餐點還要一下下，完成後會幫我們送至座位 但我一拿起飲品就覺得這重量不太對，好像蠻輕的…… 老公的熱拿鐵，打開上面有個愛心拉花，但容量只有大概七分滿？不知道怎麼回事……喝起來中規中矩，是好喝的 我最近是檸檬咖啡愛好者，上次在燈塔店點了一樣的品項，覺得蠻好喝的，這次沒有創意的又點了一樣的XDD 但容量我也覺得好像比較少，打開看發現大概只有八分滿，而且第一口喝進去都是泡泡？？？我記得上次不是這樣耶，那種清爽沁涼的感覺怎麼不見哩 表妹的冰釀咖啡比較小杯，在點餐時也沒有先被告知，拿到時也是覺得心情偏複雜。表妹說喝起來是偏酸的口感，有點不太習慣 記得當初在海岸線咖啡柑仔店吃到的時候，覺得很好吃！但這次拿到的肉桂捲跟燈塔店的一樣，上面都是改用肉桂焦糖醬，我自己比較偏好柑仔店的肉桂粉搭配，用醬料的話，感覺會讓整個麵包體變得更濕潤．．．雖然也是好吃啦！哈哈 海岸線咖啡是我私心很喜歡的咖啡廳，在前兩間店的感受都蠻好的，但這次在西灣店除了座位的問題之外，飲品似乎也跟之前記憶有點出入，可能是我來訪的時間點不對吧（苦笑）。等柑仔店整修完成後，我還是會回去柑仔店看看的：）西灣店就當作與我無緣哩～ 儲存我的名稱、電子郵件與網站等資訊在瀏覽器以供下次使用。 Klook.com 「民以食為天，能睡飽優先」 Nothing is more important than SLEEP！ Copyright 2020-2023 All Rights Reserved by 睡飽再說 © | 版權所有，嚴禁私自轉載本站任何內容
8,9.朝月冷麵王韓式料理,3.9,"現正營業: 11:30-14:30, 17:00-20:00",高雄市鼓山區濱海一路57號,"There is an unknown connection issue between Cloudflare and the origin web server. As a result, the web page can not be displayed. Please try again in a few minutes. There is an issue between Cloudflare's cache and your origin web server. Cloudflare monitors for these errors and automatically investigates the cause. To help support the investigation, you can pull the corresponding error log from your web server and submit it our support team.  Please include the Ray ID (which is at the bottom of this error page). Additional troubleshooting resources. Cloudflare Ray ID: 8858c2a76dcb8a51
•

      Your IP:
      Click to reveal
2402:7500:a61:1337:19a:5f7d:11f1:1847
•

Performance & security by Cloudflare"
9,10.大溝頂虱目魚米粉湯,4.3,現正營業: 05:30-13:30,高雄市鹽埕區新樂街198之38號,"台灣旅遊美食、人氣景點、最新餐廳、各地小吃、旅行遊記、購物經驗分享．桃園在地部落客(Taoyuan Blogger) 不管到那裡旅行我都很愛逛當地的市場，這回住在高雄駁二特區附近的鹽埕區飯店，好處就是每天早上、下午都可以逛鹽埕市場，早上和晚上的風情都不相同，有這間早午餐時間限定的『大溝頂虱目魚米粉湯』，在地人愛的古早味，讓我們誤打誤撞吃到這南部限定的新鮮好滋味，肥美又大塊的虱目魚魚漿真的是好好吃!列為以後再去會必訪的好店。 大溝頂虱目魚米粉湯
地址： 803高雄市鹽埕區新樂街198-38號
營業時間：05:30–13:30
電話：07-521 4919 就在鹽埕市場後段，從捷運「鹽埕埔站」下車步行前往，4號出口出站後右轉，大約3分鐘(240公尺)的距離，可以從五福四路或新樂街的商店街出入口，停車場➪ CITY PARKING 城市車旅停車場－鹽埕站（高雄市鹽埕區安石街13號），週邊也有許多公有停車格可以繞繞看。 黑輪和炸牛蒡會先炸好放在保溫箱裡，如果想吃可以直接點來搭配麵食~ 店內的品項很簡單，是以虱目魚系列為主，也有丸子湯系列，都可以加10元選擇米粉或是泡飯。 內用、外帶都需要排隊點餐，午餐時間用餐人數最多，早餐時間可能我們比較晚去吃早午餐，所以可以直接入座。 就是這一大鍋粗米粉讓我想要快點試試口味，煮食的香味也不斷飄出，肚子好餓呀~ 吃虱目魚或是魚漿時我們很愛蘸哇沙米與醬油，可以自行蘸取喜歡的調味料。 各自點了想吃的餐點，想要先嚐鮮試試口味如何，想著之後還要吃其他小吃，所以很節制的只點了一些些~ 這碗綜合湯真不是蓋的，很少看到料比湯多的狀況，這碗真的是滿滿滿，有著魚皮和魚肚漿混合在其中，上方再灑上切成絲的薑絲。 我們最愛的是這魚皮漿，真的是超大一塊，一整塊連皮可以吃得到虱目魚的鮮味，湯頭清爽又鮮美，一大塊咬下好滿足! 大塊到我差點都挾不起來的大小，愛吃虱目魚的朋友一定會很喜歡，我們隔天外帶回桃園給我公婆、大姐吃都得到好評，尤其是公婆直問我在那裡買的，下次他們也要去買~ 因為看到一大鍋的米粉湯覺得好好吃就想點，原來在地人很少點清米粉湯，應該是選魚肚或魚漿類搭著吃~ 單吃米粉湯會覺得比較單調，使用的是北部比較少見的粗米粉，我另外有加辣調味比較好吃些。 煎魚肚和滷魚肚都需要比較久的時間，絕對是值得的美味，整片的燙魚肚只要80元，比我到市場買一片生的100還便宜，當然要吃囉~ 大部份的魚刺已去除，還是得小心細小魚刺，蘸著哇沙米吃很不錯。 點了份黑輪來搭配著吃，因為剛吃過山壹的黑輪，會覺得這口感比較普通，但還是可以試一下啦~ 這桌吃下來消費二百多元，真的是很豐盛，原本還想吃其它小吃就已經好飽，隔天又來外帶魚皮漿回桃園，以冰塊保存帶回家真的很不錯，老闆說下次可以前一天先訂他會幫忙先冷凍就不用擔心會壞掉囉~ 發佈留言必須填寫的電子郵件地址不會公開。 必填欄位標示為 * 顯示名稱 * 電子郵件地址 * 個人網站網址 在瀏覽器中儲存顯示名稱、電子郵件地址及個人網站網址，以供下次發佈留言時使用。 留言 Δ"
10,11.壽山黑輪,4.0,今日營業: 12:00-23:00,高雄市鼓山區哨船街29號,"凱的日本食尚日記 💌合作信箱：[email protected] 難怪高雄人都說，高雄必吃黑輪片。這不但台北吃不到，每個在地人推薦的口味、烤法都不太一樣。走到哪吃到哪就對了。這間朋友推薦的「漁塘黑鯩」創始於1966年哈瑪星黑輪伯，今年改名叫「漁塘黑鯩」。外酥內軟串烤黑輪片五告齁甲！更特別的吃法是芥末醬捲生菜黑輪片，更更更好吃，你一定沒吃過！ 地址：804高雄市鼓山區濱海一路77號
電話：075312082
營業時間：星期一 、星期三～ 星期五 11:30–20:00 /星期六、星期日 11:00–20:00
（每週二店休） 粉絲團 漁塘黑鯩就在鼓山渡輪站附近。
我們當天的行程是吃完漁塘黑鯩以後就去渡輪站搭史努比渡輪，非常順路。▼ 這裡有人會說鼓山區、有人說是西子灣、有人會說叫哈瑪星。
呵呵～我外地人真的不懂差異，總之這附近超多美食啦！
搭捷運的話，搭到橘線西子灣站下車，走路大概6~7分鐘就到囉～ 我們2022年底去吃的，當時招牌還是「高雄黑鯩大王創始店」。
可愛親切的老闆娘說他們很快就要改名「漁塘黑鯩」。
寫這篇的時候發現Google map上已經更名完畢了，所以這篇就正名為「漁塘黑鯩」。▼ 真心覺得漁塘黑鯩應該要來台北開店吧？
冬天的台北實在太需要來一鍋熱騰騰的關東煮！
漁塘黑鯩湯底是用柴魚加上大骨慢火燉煮，清香甘甜不膩口。
菜單和價位貼在攤位上，自行參考。▼ 我們隨便點了幾串高麗菜捲、竹輪、黃金魚蛋、蘿蔔。
可惡！怎麼都那麼好吃。
尤其高麗菜捲和白蘿蔔，吸湯吸到一個極致，一咬下去湯汁釋放出來有夠銷魂哪～▼ 黑鯩片一定要現烤的啦～
烤的外酥內軟的黑鯩，邊翻面邊刷上獨門醬料，靈魂就是最後撒上的花生粉。
那個香味太犯規了！！
咬下去的時候焦香味先衝進鼻腔，吃起來的口感還有點ＱＱ的，整串吃起來只有『滿足』兩字可形容。▼ 闆娘推薦的芥末生菜黑鯩，一定要吃吃看！
黑鯩片上堆了小山一樣的生菜絲還擠上鮮綠的芥末醬，我們拿在手上滿頭問號，到底要怎麼吃啊？
老闆娘親傳，黑鯩對折後把生菜捲在裡面一起入口就對了。
我真的很喜歡這個吃法，比純黑鯩片更愛！
清爽多汁的生菜絲好爽口啊～芥末微微的嗆辣也是很加分。
吃完還想立刻再吃一份，完全吃不膩。▼ 烤香腸和大腸還可以理解，手工布丁也太獵奇了吧？
老闆娘說手工布丁是假日才有的，還滿多客人愛吃喔～
真的完全想不到黑鯩攤的隱藏料理是手工布丁ＸＤＤ ▼ 哈瑪星這區有很多好吃的美食喔～
大碗公水果挫冰海之冰、萬全肉圓、隔壁的二搖愛玉都不錯。
吃完再到鼓山渡輪站逛鼓山魚市場、搭史努比渡輪到旗津走走，完美的觀光行程都幫你安排好啦。
照著吃、照著玩，保證不出錯。 高雄推薦景點 最美高雄住宿 ■高雄景點美食延伸閱讀 以上圖片、文字皆為凱的食尚日記實際心得紀錄
歡迎分享連結，請勿擅自轉貼文字、照片 很抱歉，必須登入網站才能發佈留言。 本站圖片、文字皆為凱的食尚日記實際心得紀錄
歡迎分享連結，請勿擅自複製貼上文字、照片，違者必依法咎責！ 食尚玩家2023年駐站部落客

FB社團「日本玩起來」、「東南亞玩起來」、「全台百貨Outlet吃喝玩樂」、「我愛吃到飽」、「網美集散地．景點一日遊」管理員 ✈️台灣、海外媒體採訪經歷，請看關於我 Copyright © 2024 凱的日本食尚日記. All Rights Reserved."
11,12.萊加呵,4.6,今日休息,高雄市鼓山區柴山83號,柴山上有很多景觀咖啡廳，不僅提供炸物，還有茶類與咖啡飲品，最重要的是，還有一片無望無際的海景，可以看到很多承載貨的大船哦。 柴山萊加呵景觀咖啡廳是開幕很久也超受歡迎的景觀咖啡廳，雖然位子不多，但是裡面的座位與花草裝飾非常有小莊園的感覺，很有氣氛，又能欣賞到港灣景色。 萊加呵Nine J在下面還有海韻戀歌，全部都是海景咖啡廳，如果發現海岸咖啡爆滿，就可以下去找找，有更多景色更加絕美的海景風情。 萊加呵景觀咖啡廳菜單上有咖啡拿鐵、水果茶、熱茶、歐蕾、炸物、厚片、鬆餅、熱狗堡可以選擇唷。 萊加呵景觀咖啡廳位置資訊 萊加呵景觀咖啡廳裝潢環境 萊加呵景觀咖啡廳菜單 萊加呵景觀咖啡廳飲料介紹 萊加呵Nine J 景觀咖啡廳資訊 萊加呵景觀咖啡廳位置資訊 柴山的咖啡廳多到跑不完，甚至可以讓胖咩來篇懶人包了......（策畫中......） 走下去就快到囉~不過路很陡，走路要注意安全~ 萊加呵景觀咖啡廳裝潢環境 蠻森林系的景觀咖啡廳，而且位置很顯眼，一走到這裡就會被裡面的座位與擺飾給吸引哦。 木板上的文字與裝飾真的很可愛，讓極為少女心的胖咩默默地就走進去了...... 萊加呵景觀咖啡廳充斥著南洋森林夏天風，結合一望無際的蔚藍海洋，讓人感到放鬆愜意。 胖咩很喜歡萊加呵景觀咖啡廳的風景，雖然從西子灣上山的路程有點顛簸，而且假日超多人，很不好會車，但是看到這片海就會感覺很值得呢。 這個位子很以直接看到外面的海港風光...... 只是下午會被太陽照得睜不開眼睛...... 如果純粹想喝咖啡，可以進到店內享用哦。 這邊的座位其實蠻舒爽的，只是胖咩最愛看海的景色，所以不會選室內座位，即便會被曬黑...... 店內也很漂亮哦，很有老舊雜貨店的感覺，蠻色彩繽紛的。 萊加呵景觀咖啡廳可以看見無邊無際的海港風景，胖咩此刻覺得無奈的心境得到一種釋放。 帶點晚霞的強光，舒服中帶點刺眼...... 好像都是一樣的照片齁。 沒辦法，同一片景色，最多只能這樣了...... 雖然是同一片景色，但是看著看著，都有種漸漸被療癒的感覺。 ▲夕陽餘暉的萊加呵景觀咖啡廳 萊加呵景觀咖啡廳菜單 碧海藍天 海上的船支 悠悠徐徐地浮動著 拋開思緒 享受片刻的寧靜 胖咩那天在駁二市集買一堆美食，所以現在只能喝飲料了，不然超想點起司條RRRRR...... 而且還可以升級套餐耶！ 萊加呵景觀咖啡廳飲料介紹 夏日味覺戀曲 夏日味覺戀曲 NT$95 萊加呵景觀咖啡廳的夏日味覺戀曲是蘋果醋+綠茶+檸檬的組合。 上面有幾片蘋果跟柳橙，搭配酸甜的金桔，喝起來就很清爽香甜，充斥迷人的果香與醋酸。 喝起來有蘋果醋的香氣與綠茶的澀感，還有檸檬的香氣與微酸。 榛果拿鐵 榛果拿鐵 NT$105 榛果拿鐵超繽紛，頂端不僅有爆米花、草莓口味的POCKY、涮嘴餅乾，另外還有邪惡的鮮奶油，攪拌後喝起來有椹果拿鐵的迷人香氣，同時還有超犯規鮮奶油的絲滑口感。 2018年夏日味覺戀曲 2018年的夏日味覺戀曲 $70 蘋果醋+綠茶+檸檬 上面有幾片蘋果，看上去就很清爽甜蜜。 喝起來有蘋果醋的香氣與綠茶的澀感，還有檸檬的香氣與微酸。 美麗的海景夕陽搭配繽紛的飲品，就是超漂亮der~ 療癒的夕陽，告訴胖咩該收心回去面對明天的工作囉！ 必須說，柴山真是景觀咖啡廳聖地，放眼望去都是美麗的海景，還有船隻搭景。 不好意思，海景為主題，胖咩美食的部分就完全敷衍了...... 萊加呵景觀咖啡廳的飲料選擇很豐富，另外還有厚片、鬆餅、炸物、熱狗堡可以選擇哦。 對景觀餐廳深感興趣可以看看>>>高雄景觀餐廳懶人包 萊加呵Nine J 景觀咖啡廳資訊 地址：高雄市鼓山區桃源里柴山83號 電話：0970 166 300 營業時間：週六到週日14:30~18:30 粉絲頁 ※以上食記多為個人主觀感受，每個人的喜好不同，感想自然就與胖咩有所差異唷。 ※價格、菜單、營業時間等隨時會有異動，如發現文章發表與讀者觀看日期相差較大，請上官方粉絲團詳查。
12,13.恆香-鍋燒參種麵,4.4,今日營業: 17:30-22:00,高雄市鼓山區鼓山一路25號,"一間位在捷運西子灣站附近的文青小店，恆香鍋燒，專賣鍋燒系列。於2018年底開幕，至今已4年多，一直是名單內，但也一直沒機會來品嘗。 去年好像因疫情的影響，休業一段時間，最近又重新開業了。這天周日我們來到鼓山魚市場逛逛，剛好下午5點10分經過，發現竟然已經營業了，所以趁沒什麼客人時，就進來用餐。 老闆因有事，所以由另兩位夥伴負責顧店掌廚 很復古但感覺又有點克難的空間及家具，但也整理得算乾淨。 店家IG自述，湯頭是以大骨、雞骨、數種蔬菜熬煮，而且熬湯6個小時。 最近仍不敵物價調漲，所以鍋燒系列全部調整20元。 目前主餐提供只有一種鍋燒湯底，但有意麵、雞絲、烏龍、冬粉四種麵體可以選擇。可以加價來加麵或加料。 ▼鍋燒意麵，沒加沙茶。 ▼鍋燒雞絲麵，加沙茶。 鍋燒配料很豐富，除了常見的青菜、蛤蜊、蛋及肉片外，還有一粒牡蠣，這樣的價格若與其他專賣鍋燒麵的店家比起來是有點貴，或許比較文青感，但湯頭確實是好喝的，味道很好，豬大骨熬煮的味道喝得出來，用料也都很新鮮。 地址：高雄市鼓山區鼓山一路25號 電話：0901-230-025 營業時間：17:30~22:00 售完為止，不定期公休 交通：O1西子灣站/C14輕軌哈瑪星站，步行約5分鐘 發佈留言必須填寫的電子郵件地址不會公開。 必填欄位標示為 * 留言 * 顯示名稱 * 電子郵件地址 * 個人網站網址 在瀏覽器中儲存顯示名稱、電子郵件地址及個人網站網址，以供下次發佈留言時使用。 FB、IG、Youtube平台 高雄/台南/ 嘉義 美食與旅遊分享。
FB：#捲捲和土豆拿鐵
Blog: #捲捲和土豆拿鐵
#高雄美食 #台南美食 #高雄 #高雄景點 #美食 #旅行 #台中美食 #台北美食"
13,14.林媽媽香雞排,4.5,"今日營業: 00:00-02:00, 18:00-00:00",高雄市鼓山區鼓元街100號,"距上一次記錄林媽媽香雞排已經是十年前的事了，十年前的林媽媽香雞排就已經小有名氣，當時很受中山大學生喜歡，加上物美價廉，成為不少學生的宵夜首選，加上網路上的傳播，讓林媽媽香雞排在高雄打開知名度。 代天府廣場週邊的商店，有些都已經營業數十年以上，相當值得我們記錄一番，於是近日我們在哈瑪星走得勤，想起多年前的林媽媽香雞排，決定再重新記錄一次。十年後再回來記錄，店面也和之前有些許變動，原本只賣雞排、雞腿、雞翅、花枝丸等，現在和一般鹹酥雞攤一樣，賣得東西琳琅滿目。 還記得林媽媽是屬於嬌小的身材有著花白的頭髮，當時只有一人顧攤位，現在店裡已有其他幫手，而林媽媽都一直待在油鍋前負責炸物。 前幾次來都不見開店，原來攤子是從六點後才開始營業，一直賣到凌晨二點，難怪成為附近宵夜的首選，因為週邊大多數的小吃攤，營業到八、九點就打烊，深夜大概也只有這裡還燈火通明。 這頓算是我們的宵夜了，不敢多吃，只點了四種炸物，算一算一百多塊，騎車回家的路上，不時聞到炸物香氣。 雞排60元 這塊雞排不似以往雞排形狀，反而讓我想起劉江便當的炸雞腿，用的是傳統地瓜粉，炸起來顆粒感比較大，和溼粉漿炸得表面不同，林媽媽的炸功水準還維持著，酥脆的表面，帶著炸物香氣。 雞排很厚實，有稍微醃過，雞肉很鮮嫩，胡椒鹽不算厚重。我想大概是這十年之間，我們吃過太多美食，標準拉高，以致於嘴巴變刁了。 雞皮35元 喜歡在鹹酥雞攤點雞皮的我們，按貫例點了一份雞皮，林媽媽的炸功果然沒讓人失望，把雞皮炸得酥脆。 花枝丸35元 圓滾滾的花枝丸，裹上炸粉炸得香酥，花枝丸裡面吃得到花枝顆粒。 手工大黑輪25元 炸過之後的手工大黑輪，口感軟Q，又帶著魚漿香氣和胡椒鹽滋味，愈吃愈涮嘴。 十年前和十年後，不僅我們的口味改變，林媽媽香雞排也為了迎合競爭，增加許多商品，而林媽媽的炸功也還保持在水準之上，像林媽媽這樣的類鹹酥雞店在我們週邊很多，不過她代表著一個時代，或許當年在中山大就讀的學生，也曾經在某過深夜來這裡買過一份現炸好的雞排飽餐一頓，林媽媽香雞排對他們而言，更多是回憶和成長的滋味，有機會來哈瑪星代天府週邊，可以再來回味一次。 地址：高雄市鼓山區鼓元街90號 地圖：https://goo.gl/maps/KCUW7jt1jGS3kLtU7 營業時間：18:00~02:00 更多食記：https://realplay.tw/ 當分享與紀錄已是生活的一部分，那對讀者有影響力的我們，更該忠於自己對紀錄美食的初衷。			
				檢視「影子」的全部文章 立即訂閱即可持續閱讀，還能取得所有封存文章。 Continue reading 你必須登入才能發表留言。"
14,15.早到晚到 大昌店,3.9,"現正營業: 00:00-01:00, 08:00-00:00",高雄市三民區大昌二路487號,"營業：7:00-14:00 / 17:00-20:00
電話：0925265052
地址：高雄市三民區大昌二路420巷7號
平均：$50-150/人【可line pay】
推薦：日式炒麵、水果茶
連結：食初菜單 已經想吃google評價人人推薦的日式炒麵很久了，可是因為本人懶癌末期的關係，時間一久就把這件事忘了，剛好前陣子去隔壁的熊讚家吃拉麵，看到隔壁竟然就是那間有好吃日式炒麵的食初，而且印象中食初是早午餐，都天黑了食初的燈竟然還亮著！這件事不能再拖下去了，隔天馬上去吃食初，而且要晚上去！ 更多三民區美食「高雄三民區捷運美食懶人包」
 部分店家，持Vip淘卡最低9折起
♥如何拿vip卡?
 加入姐妹淘LINE ID：@tao.idea 因為當天下雨的關係視線不太好，所以店家外觀的照片看起來比較模糊。食初雖然是在巷子裡，但是店旁就是停車場，周邊也不算難停車。 店家採用大片落地玻璃，從店內透出來的光線再加上明亮的招牌，相比隔壁的熊讚家日式拉麵，就算下著大雨，還是能感受到食初給人的明亮感。 店內共有５個座位，分布在櫃檯周圍的Ｌ形空間，座位不多，大理石桌面以及灰白色系的牆面，打上暖色燈光，給人小巧精緻卻又帶一點慵懶的感覺。 每個座位都有一盆乾燥花裝飾增添儀式感 終於吃到期待已久的日式炒麵了！炒麵撒上柴魚片再淋上美乃滋，最後用一顆飽滿可愛的荷包蛋蓋上，而且店家用很有日系文青感的盤子盛日式炒麵，不光是視覺，整個感覺都對了。第一口日式炒麵就讓我想起大阪燒，就像是盛著大阪燒靈魂的炒麵，鹹甜的醬汁加上炒麵在鍋裡翻炒後的香氣，讓人一口接著一口停不下來。 飽滿可愛的荷包蛋獨照～ QQ球並不是只有食初或是其他早午餐店才會有的品項，單純就是我喜歡吃的小點心，通常只要店家有賣我就會點來吃。 通常在早午餐店點飲料，店家會直接做成外帶杯給你，但食初使用的是這種杯口稍微窄一點的玻璃杯，可以透過玻璃杯看到水果茶最真實的樣貌。 水果茶裡有蘋果、芭樂，喝到底會發現有柳丁果肉，是真材實料的水果茶，好喝！ 吃完，也可以去鬆一下
 參考「高雄腳底按摩/油壓SPA懶人包」
 持姐妹淘VIP卡最低79折起喔，還有超多按摩優惠唷! 菜單連結包括：蛋餅系列菜單、吐司系列菜單、飲料菜單...等
 放大版菜單請點→食初菜單 這次因為是晚餐，所以主餐就只點了鹹的日式炒麵，可是在吃完日式炒麵後，我反而覺得在晚餐時段食用日式炒麵是蠻正確的選擇，畢竟日式炒麵比較重口味，而且店家給的份量蠻多的，對早餐比較沒食欲和食量比較小的人來說，吃到後面可能會有點膩口，但日式炒麵真的好吃，推！之後有機會到店裡，也想試試店家主打的可朗芙或法式金磚吐司。非常期待下一次到食初用餐～ 馬上加入姐妹淘粉絲團！最新美食話題都在這！ 即時追蹤！第一手情報！
      隱藏版美食消息不藏私 搜尋ID:@tao.idea
      加入姐妹淘 美食一把罩"
15,16.重慶山城麵庄鹽埕店,3.5,"現正營業: 11:00-13:30, 17:00-20:30",高雄市鹽埕區新樂街126之1號,"回回吃個飯都搞的像是普渡大拜拜，連小吃也不例外，慶祝朋友車禍康復選個有特色的重慶小吃聚聚！重慶山城麵庄有三種麵食，酸辣粉、米麵、米線，雖然我到現在還是分不清米麵跟米線差在哪，二種差在哪不重要，重要合不合胃口，三種麵食品下來我還是愛酸辣粉～夠Q 重慶山城麵庄在高雄有二間分店，一間在復興路，另一間在鹽埕，約吃飯還能看錯店，跑到復興店後才發現搞錯地點又跑到鹽埕，鹽埕店是新開的，車輛導航如果找不到方向請改成""行人步行""才搜的到 重慶山城麵庄不知為何內部空間都不大，復興店的座位是面對牆壁的擺設，鹽埕店則是...我看到Pizza了，員工餐居然是pizza大概就六、七張桌子吧 鹽埕店是新開的，所以還沒有粉專，我直接下載復興店的菜單，其實就是我忘了拍(抓頭，為了避免誤會我把復興店的地址整個P掉，菜單價格內容以及營業時間沒有變動 麻辣鴨血豆腐 重慶在中國算是挺會吃辣的一個城市，跟四川差不多，但誰比較辣我也不清楚，重慶山城麵庄的麻辣鴨血挺嫩，辣度是有但不是嗆胃的那種，不會吃完直接讓你唱菊花台滿地殤，豆腐還挺嫩，每一口都能嚐到湯汁裡的辛香辣味 紅油炒手 紅油炒手類似餛飩，炒手還挺大顆，顆顆滿飽沒有偷工減倆的問題，口感還不錯，食量小的人點一碗紅油炒手差不多 榨菜肉絲麵 這碗是米麵(講真我還是分不清米線和米麵)，挺清爽的一道完全沒有任何一滴辣油存在，不敢吃辣的朋友們可以點這碗清爽可口的榨菜肉絲麵 泡椒嫩雞米麵 這嫩雞看起來是不是很好吃，對不對，對不對，對不對...但我要老實說我一口都沒吃到，我朋友一口就全吃掉了！連個渣都沒有留給我 愛吃酸的朋友真的不要錯過酸豆角，我就算了我不愛吃酸XD 紅燒牛肉酸辣粉 看到切片的牛筋肉了沒?就是這碗，無敵爆好吃，因為太好吃了所以不想留給友人～哼！牛肉很嫩，酸辣粉不用多說，Ｑ溜Q溜的口感我超愛 花溪牛肉米線 如果我沒有記錯的話這應該是米線吧?？頂多錯了再改XD 裡頭有牛筋和牛肉塊，燉的挺軟嫩，但還是保留了咬勁 川味肥腸米麵 愛吃肥腸的朋友們這道真的不要錯過，大腸處理的很乾淨沒有任何的腥味，肥腸QQ超有彈性，讓人吃了超滿足還會想再來一份肥腸，完全忘了下面的米麵 電話：07-5319077 營業時間：AM11:00-PM13:30、PM17:00-20:30 地址：高雄市鹽埕區新樂街126之1號 有三種麵食，分別是酸辣粉、米麵、米線。 重慶山城麵庄在高雄有兩間分店。 重慶山城麵庄的麻辣鴨血豆腐辣度有但不是嗆胃的那種。 重慶山城麵庄的營業時間是AM11:00-PM13:30、PM17:00-20:30。 重慶山城麵庄的地址是高雄市鹽埕區新樂街126之1號。 高雄｜碟碟藝饗空間，近美術館有質感的簡餐料理 高雄楠梓｜楊寶寶蒸餃 : 食尚玩家推薦，平價好吃 ! 高雄｜米院子油飯：可愛文青油飯專賣店 ！大推麻油拌炒，米香Q彈的鴨肉油飯 高雄｜廖記米糕 :又見老街長老．廖記米糕．桑尼瘦不了 【小強立體藝術拉花咖啡】驚嚇度百分百~超逼真的模樣~這樣的咖啡你敢喝嗎？ 高雄｜16個室內景點推薦！IG打卡、藝術文創、歷史古蹟，超齊全雨天玩樂備案 趁好天氣玩一波！北海岸TOP10景點整理，順遊富基漁港嗑美食！ 2024宜蘭三奇美徑系列活動開跑！嗨玩熱氣球、風箏節嘉年華 打卡10間澎湖特色咖啡廳！澎湖花火節就這樣玩 台東8間包棟民宿推薦！看熱氣球就住這，山景海景一次收齊 copyright ©2024 yamedia Inc. All rights reserved. 認識天空傳媒輕旅行： https://media.yam.com/media/travel品牌合作、內容行銷洽詢：https://media.yam.com/contact"
16,17.畫坊,4.5,"今日營業: 00:00-02:00, 19:00-00:00",高雄市鼓山區哨船街51號,英文家教 日文家教 Arthouse 畫坊咖啡餐酒館位於鼓山區哨船街51號2樓，這裡結合特色調酒、輕食以及咖啡廳的複合式空間，因老闆本身喜歡畫作，餐廳裡到處都有大型人物繪畫，儼然走進藝廊氛圍。不到100公尺、過個馬路就是鼓山渡輪站港灣，坐在畫坊咖啡餐酒館啜飲美酒、聊天，還可以眺望港灣夜色，一整超美的又愜意的享受，是與三五好友放鬆小酌的好去處！ 畫坊咖啡餐酒館 FB 粉絲頁 地址 : 高雄鼓山區哨船街51號2樓 電話 : 07-531 9340 營業時間 : 19:00~深夜02:00 畫坊咖啡餐酒館就位於前往西子灣的路上，對面是鼓山渡輪站港灣，旁邊還有汽機車停車場。 距離高雄捷運橘線西子灣站、高雄輕軌哈瑪星站都不遠，有飲酒打算的朋友，建議搭捷運來比較方便。 餐廳一樓是Hi Hsiao Cafe 海嘯咖啡，從建築物側面樓梯直上二樓就是Arthouse 畫坊咖啡餐酒館。 走進樓梯印入眼簾是大型人物畫作，這應該是川普本人吧，畫的超像的!! 另一側牆面是瑪麗蓮夢露，性感妖的模樣繪畫得栩栩如生。 整個環境營造得非常放鬆悠閒，空間也很寬敞，一大片落地玻璃讓你可以直接欣賞港灣風光。 大型人物畫作根本是Arthouse 畫坊咖啡餐酒館的特色。 最特別的，陽台是戶外用餐區，在這享受海風吹拂，啜飲美酒、聊天，特別舒爽。 向前眺望就是鼓山渡輪站港灣，整個港灣夜色一覽無遺。 前面還有個小公園，聚餐後再來這裡漫步也挺愜意的。 戶外用餐區都是大沙發，也有像秤一樣的吊床，一上一下的，很有趣。 都說畫作是Arthouse 畫坊咖啡餐酒館的特色，連廁所也有展示，而且繪畫風格迥然不同，都很有特色。 Arthouse 畫坊咖啡餐酒館不僅提供特色調酒，還有咖啡、輕食、啤酒及冷熱飲。 **喝酒不開車，開車不喝酒，未滿18歲禁止飲酒。** Arthouse 畫坊咖啡餐酒館沒有浮誇式調酒，以純粹精緻美味吸引消費者味蕾。 **喝酒不開車，開車不喝酒，未滿18歲禁止飲酒。** 叭啦叭叭叭這 這一杯用溫潤的蘭姆酒，搭配檸檬草、芭樂汁、檸檬汁、白柑橘等多款果汁調味，喝起來特別清爽、層次感豐富不膩口。 喝起來酸甜酸甜，非常適合女生。 牡羊少年的奇幻之旅 這一杯以花椒琴酒為基底，搭配芒果、蘋果、檸檬、椰子及薑汁汽水調和，上面再擠上自製玫瑰鮮奶油、擺上起司棒，風味非常特別。 因為有加上玫瑰鮮奶油，建議先不攪拌，以口就杯啜飲奶香與酒香在口中相互融和，感受溫潤層次感，香甜順口又好喝。 每點一杯調酒就送一張明信片畫卡，可留下當紀念，也可以累積兌換調酒或輕食。 不喝酒的朋友也不用擔心，這裡還有無酒精飲品，可以與朋友一起狂歡。 漫長的等待 漫長的等待是無酒精飲品，使用元氣花茶，搭配黑醋栗、柳橙汁與檸檬調和。 黑醋栗酸甜滋味非常明顯，果香濃郁圓潤，非常清爽夠味。 畫坊思樂冰 這一杯是加上綠茶、鳳梨、芭樂以及檸檬打成的冰沙，夏日喝最是消暑。 Arthouse 大拼盤 這一份炸物拼盤非常大份，7~8位朋友一起享用也沒問題。 炸物有楔型薯、雞米花、雞塊、魷魚圈、章魚小熱狗以及鱈魚條，口味非常多。 炸物吃起來不油膩，搭配松露塔塔醬或是泰式酸辣醬一起入口，都很美味。 畫坊咖啡餐酒館沒有浮誇式飲品，強調道地經典調酒抓住消費者味蕾，慵懶放鬆的舒適用餐環境，氣氛佳、服務好，推薦給大家參考喔!! **喝酒不開車，開車不喝酒，未滿18歲禁止飲酒。** 畫坊咖啡餐酒館還推出五月特別企劃，你消費我招待！！ 從5月1日起凡身份證上有520三個數字(包含生日)，1個數字即可享有限動分享打卡送shot，2個數字限動分享打卡可兌換義式香料楔型薯一份(每桌上限2份)，來店消費請務必攜帶疫苗證明文件才能進場噢！ 以上優惠招待需滿來店低消，活動內容店家保有最終解釋權。 畫坊咖啡餐酒館 FB 粉絲頁 地址 : 高雄鼓山區哨船街51號2樓 電話 : 07-531 9340 營業時間 : 19:00~深夜02:00 這個網站採用 Google reCAPTCHA 保護機制，這項服務遵循 Google 隱私權政策及服務條款。 英文家教 日文家教 Design by ZThemes.net 網站維護：阿腸網頁設計
17,18.海岸咖啡,4.2,現正營業: 11:30-19:30,高雄市鼓山區柴山31號,為每次的旅行加點新意 這天去高雄鼓山挑戰「柴山阿朗壹秘境」，過程真的超級累阿！運動完如果能有個風景優美的餐廳，可以喝飲料、吃美食補充體力就好了！山海宮旁的「柴山海岸咖啡」完全符合以上幾點啊！景色💯、食物💯，猴子可能把食物搶走扣1分！ ❰ 文章目錄 ❱柴山海岸咖啡｜看夕陽、賞海景柴山海岸咖啡｜菜單柴山海岸咖啡｜餐點介紹綠茶100元水果茶120元手工起司蛋糕60元原味起司餅100元印度咖哩雞肉餐+皮塔餅250元柴山海岸咖啡｜相關資訊 柴山海岸咖啡位於山海宮不遠處，開車來的話可以停在山海宮收費停車場，另外搭公車也可以抵達。 柴山海岸咖啡室內是白藍海洋風色調，有冷氣，但因為賞不到海景所以大家都選擇坐室外呢~ 室外有一般座位區以及靠海一排的賞景區，靠海區景色真的無敵，視野非常棒。 海岸咖啡店內牆壁有彩繪，不管是向日葵還是椰子樹都帶給大家夏日熱情的氛圍，就像高雄港都這裡熱情的太陽一樣。 看到這幅畫讓人會心一笑，要小心啊，猴子就在四周對大家的食物虎視眈眈👀🙊 這是坐在靠海座位區拍出去的照片，紅色屋頂的就是山海宮，海天一線的感覺是不是很美麗呢？陽光的照射下，海面波光粼粼，船隻所經過之處在海平面畫過一線水痕，也劃過遊客心頭。 來柴山海岸咖啡有幾點要注意，才不會覺得心裡有落差： 1.正中午來太陽在頭頂，坐第一排不會有西曬問題，缺點當然是沒夕陽看囉，但看海景也不錯，天氣好就是一片碧藍。 2.想看夕陽的話，下午4點後來比較不會直曬太陽，但也有可能坐不到第1排，這個要自行斟酌呢~還有當天雲多不多都是影響能不能看到美景的因素。 3.餐廳用餐人數當然會影響用餐品質，我們當天周日中午來人不多，大概只坐到第2排，所以我覺得環境還不錯。 4.食物有可能被猴子搶，沒辦法這就是柴山的特色嘛~擔心的話就坐中間一點的位置囉~ 海岸咖啡有提供咖啡、茶飲、輕食等，低消為每人一杯飲料，飲料價位約在80-125元之間，價位已景觀餐廳來說算是合理。 其中海岸咖啡招牌大碗公咖啡，一碗可以抵2人份低消，還可以跟店家選希望的拉花圖案喔~因為我不喝咖啡所以沒有點，有興趣的話來海岸咖啡可以嘗試呢！ 輕食的部分，起司餅、塔可+脆片、咖哩+皮塔餅都是人氣餐點，可惜胃不夠不然好想都試試看。 點餐不久後飲料跟甜點就上了，店家會提醒食物要趕快吃完，不然可能會被猴子搶走，飲料的部分就不用擔心。 綠茶一壺大概有600c.c左右，店家會詢問甜度，我們點的是無糖的，會提供小玻璃杯，這樣也方便跟朋友點的飲料交換喝。 水果茶我們也是選擇無糖，裡面的水果有蘋果、柳橙、檸檬，帶點淡淡水果的甜香。 *小提醒：其他冰茶飲如果選杯裝的話，是用塑膠杯裝的喔，如果要拍漂亮照片可能要選壺裝的喔~ 原本想點薩爾瓦多起司蛋糕，但是賣完了，換成手工起司蛋糕，吃起來就是正常起司蛋糕的水準。 接下來熟食上菜，不過因為擔心餐點會被猴子搶走，所以老闆娘詢問要不要換到中間座位區，雖然沒有海景第一排，但吃起來比較安心拉~所以我們就換位置囉~不過當天我們直到離開，都沒看到有遊客食物被搶，算是運氣不錯的一天(？) 原味起司餅可以說是海岸咖啡的招牌，擺盤起來像是小太陽，上來時盤子還熱熱的，中間夾的起司很濃郁，單吃或沾上中間的莎莎醬吃都很不錯。 這道餐點非常豐盛，有兩片皮塔餅，咖哩雞肉、水果、沙拉，水果都不錯吃，葡萄是無籽葡萄很方便，沙拉有堅果及葡萄乾，是營養健康的一道料理。 皮塔餅又稱阿拉伯薄麵包或口袋餅，流行於希臘、土耳其、巴爾幹半島和阿拉伯半島等地區。吃法是把皮塔餅撥一半，加入咖哩或生菜食用。 柴山海岸咖啡的咖哩不是日式那種帶甜味的咖哩，而是辛香料味較重的印度風味咖哩，吃起來異國風十足，要說缺點的話就是雞肉比較少，只有3塊，肉肉控可能吃不過癮。 整體而言，我在海岸咖啡用餐的體驗算是很不錯，用餐前後也可以到柴山漁港走走或探訪柴山阿朗壹秘境及海蝕洞喔！ 海岸咖啡 【地址】高雄市鼓山區柴山31號 【營業時間】11:30–20:00(周一公休) 【聯絡電話】075251668 【延伸閱讀】【高雄鼓山】柴山阿朗壹秘境(附詳細路線圖及地圖)，注意乾潮時間、整理好裝備、評估自身體力，也能看到絕美海景 為每次的旅行加點新意 為每天的生活加點幸福 若您喜歡我的文章，歡迎按讚、訂閱、分享，這是繼續分享與撰文的動力來源，謝謝您的支持！
18,19.海山花園咖啡館,4.4,今日營業: 13:00-23:30,高雄市鼓山區柴山大路3號,高雄鼓山｜海山咖啡・後山花園＿柴山看海老牌咖啡館電話｜0937-280-878地址｜804高雄市鼓山區柴山31-2號營業時間｜13:00~23:30（週六、週日營業至00:00） 覺得住在南高雄的好處就是如果想要看海的話，騎車或開車到西子灣、旗津一帶都非常方便，而如果是想找間咖啡廳坐著看海或看夕陽的話，那麼經過中山大學後到柴山小漁港附近，就有很多選擇了～今天我們就到訪了已經開業蠻久的海山咖啡來放鬆一下了 這天原本是想去前陣子很熱門的「瑪莎咖啡柴山館」，但到了才發現當日沒開，所以才轉而到海山咖啡坐坐 海山咖啡的入口其實有點隱密，如果是從中山大學往內走的話，在快要抵達「海岸咖啡（大碗公咖啡）」以前的左手邊，可以看到不是很明顯的招牌，一旁的小門就是這家店的入口了 不過這裡的缺點是不太方便停車，門口看起來僅能停放幾輛機車而已，汽車更是難找到位子，我們即使是天氣不好的平日來，都沒看到什麼汽車能停的地方了 老樣子先提供菜單給各位參考，這裡飲料的價位不算便宜，不過附近可以看到海景的咖啡店好像也都是這個價格區間。另外每個人的低消是100元，不能合併計算，所以應該是個人要點個人的品項 原本在小門外看了許久，不確定到底有沒有營業😅後來勇敢地走進去之後，才發現原來裡面空間其實蠻大的 海山咖啡的內用座位還蠻多的，不過看起來都有些年代感了，好處是座位其實不算很擁擠，每桌都可以保持適當的社交距離😂 來訪時其實沒什麼其他客人，所以我們就找了一桌比較靠海景一些的座位。坐下沒多久就發現一個小缺點，就是有蠻多小黑蚊的，但老闆馬上就幫我們架好電風扇，算是蠻貼心的～否則可能真的坐不久呀 雖說是海景咖啡，但坦白說這裡的視野不算很好，前面有太多阻擋視線的樹木跟電線了，但可能坐在地勢高一些的位置會好一點？ 這裡還有一隻可愛的鵝會走來走去呱呱叫的，本來想再靠近一點拍照，但老闆馬上提醒說這鵝是會攻擊人的，馬上就離他遠一點了😂 飲料的部分，我們點了菜單上標示著限量的冰磚咖啡，看起來是以咖啡液製成的冰塊搭配牛奶的飲料，跟我們之前在仁武的「啡嚐挑剔CHOOSY GOURMET」喝到的熊貓冰磚有一點類似，但不得不說熊貓冰磚更有層次也更順口一些～ 另外還點了一杯蔓越莓蜜茶，雖然喝起來知道不太可能是新鮮蔓越莓製成，但口感也還算不錯，微微的酸甜感很消暑 除了飲料之外，我們還點了份帶皮薯條，口感偏軟一些但還算好吃，搭配酸甜的醬料很適合當作下午茶～ 以這附近的海景咖啡來說，海山咖啡的綜合表現算是中規中矩，但老闆的服務態度蠻親切地，分享這次的用餐體驗給各位參考囉。 儲存我的名稱、電子郵件與網站等資訊在瀏覽器以供下次使用。 Klook.com 「民以食為天，能睡飽優先」 Nothing is more important than SLEEP！ Copyright 2020-2023 All Rights Reserved by 睡飽再說 © | 版權所有，嚴禁私自轉載本站任何內容
19,20.Hi Hsiao Cafe 海嘯咖啡,4.9,今日營業: 13:30-17:30,高雄市鼓山區哨船街51號1F,"內容目錄 寫在造訪Hi Hsiao Cafe 海嘯咖啡之前 Hi Hsiao Cafe 海嘯咖啡環境 Hi Hsiao Cafe 海嘯咖啡菜單 品嘗在Hi Hsiao Cafe 海嘯咖啡 蛋沙拉crosand(90元) 蜂蜜蘋果氣泡飲(90元) 造訪Hi Hsiao Cafe 海嘯咖啡後記 【Hi Hsiao Cafe 海嘯咖啡】 店家FB 歡迎關注班班美食生活圈粉絲專頁，以及IG欣賞更多班班的創作與美食分享 寫在造訪Hi Hsiao Cafe 海嘯咖啡之前 會來到這間位在畫坊樓下的新開幕咖啡廳Hi Hsiao Cafe 海嘯咖啡，主要還是被茉莉小姐說說話 的分享給燒到了啦，看到文章之後隔天下午就立刻跑來朝聖，在這裡喝咖啡享受寧靜的午後，晚餐還可以直接走上樓吃是不是給他很方便呢！？停車的話，機車跟汽車都有停車格，挺方便的，據說許多人前來都是為了在海景第一排的窗邊位子，好像要在一開店就跑來，不然可能就得在外頭等一會了。 看文字太累想直接用聽的來聽一些美食嗎？來聽聽班班美食悄悄話的PODCAST吧! 歡迎訂閱以及給予五星評價並給我意見唷~~ Apple點此https://reurl.cc/Gr9alDAndroid點此https://reurl.cc/2gWxLXSpotify點此https://reurl.cc/zzA2Y7 ＜店家資訊請參閱文末＞ 合作請洽◆m23083@gmail.com 或私訊班班美食生活圈粉絲團追蹤高雄班班的INSTAGRAM◆KHBENLIFE追蹤高雄班班的FACEBOOK◆班班美食生活圈 Hi Hsiao Cafe 海嘯咖啡環境 店裡的風格其實蠻像是在逛服飾店的，各種風格的元素在這裡似乎都能夠看到些許，搭配起來卻也不突兀，架子上也集合了各式精品收藏，記得遠觀就好，不然弄壞了不知道要洗杯子洗多久才能走出去唷。 架上的精品雜誌型錄則是可以借用來拍照，但班班運氣不錯被安排在了海景第一排的窗邊座位，就不用多此一舉了。 從落地窗望出去就可以看到到鼓山渡船頭，別有一番風光。 Hi Hsiao Cafe 海嘯咖啡菜單 近年來在韓國咖啡廳廣受好評的 Croffle&Crosand 甜點，班班在高雄還真的是第一次看見，長得很像鬆餅，吃起來卻像是可頌一樣的酥脆，一甜一鹹讓你選，標示麵體100％法國原料製成，而鹹的Crosand則是加入了一些雜糧在裏頭，讓最近已經看肉桂捲看的視覺疲勞的班班有個喘息的空間，飲品部分則有咖啡、氣泡水及歐蕾，價位上與其他獨立咖啡廳大同小異。 品嘗在Hi Hsiao Cafe 海嘯咖啡 蛋沙拉crosand(90元) 雖然許多網美們跟創作者們應該都會聚焦在有著要價7000元愛馬仕盤子盛裝的金箔松露蛋沙拉crosand，不過班班就比較忠於自己想吃的款式，選了沒有松露沒有金箔只留下蛋沙拉的版本，雖然少了許多貴氣，但至少不用燒腦就刀子從哪兒切，直接就叉起來吃，因為沒有吃午餐就跑來，很餓啦~ 很簡單的蛋沙拉考驗著主理人對於味道平衡的掌握度跟完成度，入口的蛋香味是濃郁的，沒有被美乃滋給蓋掉許多，與微鹹帶有雜糧的crosand展現良好的平衡，吃起來也相當飽足，如果不注重奢華感的朋友，點這個比較實在。 蜂蜜蘋果氣泡飲(90元) 吃東西當然也要配個飲品才對味，這天沒有喝咖啡的心情，於是來杯酸酸甜甜氣息的蜂蜜蘋果氣泡飲，記得喝之前還是要記得先把他攪散再喝，不然就會面臨喝到最後爆甜的窘境，上頭用了乾燥蘋果片及迷迭香來增添香氣，喝起來舒舒服服，好像最近高雄涼爽的天氣一般。 造訪Hi Hsiao Cafe 海嘯咖啡後記 這幾天寒流讓大家每天出門應該都擔心著晚上會好冷而多帶了件外套吧？不過在還有太陽高掛的午後卻還是能夠漫步在渡船頭周邊閒晃，吹吹風放鬆身心，但走累了總是希望有地方能夠歇腳，Hi Hsiao Cafe 海嘯咖啡的地點就很剛好，適合大家駐足停留，品嘗些許甜點或鹹點，配杯飲品跟著同行友人聊聊天，獨自前來，也能夠享受片刻的悠閒風光好去處。 【Hi Hsiao Cafe 海嘯咖啡】店家FB 地址：高雄市鼓山區哨船街51號1樓。 電話：暫無。 營業時間：11：00 – 18：00 店休請見店家粉絲專頁公告。備註： ●照片版權是班班所有,如想下載請載明出處並向班班告知● ●食記文章均有時效性,尤其味道可能會因為更換廚師有變,店家正確餐點內容以官方公告為主呦，才不會影響用餐興致● ●心得分享屬於個人主觀味覺感受,僅供覓食參考,請自行斟酌● 歡迎關注班班美食生活圈粉絲專頁，以及IG欣賞更多班班的創作與美食分享"
20,21.阪城海鮮料理,4.7,今日營業: 17:30-23:30,高雄市鼓山區濱海二路25號,您使用的瀏覽器版本較舊，已不再受支援。建議您更新瀏覽器版本，以獲得最佳使用體驗。 請在瀏覽器上啟用JavaScript來瀏覽頁面中的所有內容。 又到了吃螃蟹的季節了，這時候就該衝一波海港，怒吃海鮮，把所有新鮮的海味全部品嘗一番。高雄西子灣這間「阪城海鮮料理」，不只可以吃到新鮮的海鮮、老闆創意的獨家料理，最重要是可以感受到在港灣吃飯的氣氛。 ▲這間在西子灣港口旁的無菜單料理，港口就是他們家的冰箱。 在港口旁的餐廳食材絕對新鮮掛保證，港口直接就是餐廳的冰箱，除了海鮮直送，還有當日現釣的手釣魚，時常天還沒有暗就客滿了！這家餐廳主推無菜單料理，每道菜都是老闆用心製作，在菜色上跟一般熱炒店差上一大截，樣樣都是功夫菜，也有許多都是你沒看過的私房料理。 ▲每天海鮮從港口新鮮直送，常常天還沒有暗就客滿了。 清蒸花鱸是新鮮的手釣魚，要碰運氣才吃的到，因為花魚是生長在遠洋海域的魚類，要開船出去6、7個小時才能釣的到，鮮嫩中帶有點彈牙，重點是還富有滿滿的膠質，咕溜咕溜的口感令人難忘。 ▲運氣好才吃的到魚肉這麼大塊的花鱸。 ▲花鱸的瘦肉中還有一點油脂在上面，還吃得到魚皮帶有膠質的感覺。 「蒜燒魚眼」是老闆的招牌菜，旗魚眼睛加入蒜頭，用紅燒的方式，吃起來Q彈，很像果凍的口感。「沙茶炒螃蟹」是老闆使用自製的沙茶醬去炒，炒出花蟹的香氣，吃起來不油膩沒負擔，超適合來杯啤酒。 ▲旗魚眼窩比人眼還大，放進蒜頭和蓮子處理過，完全沒有魚腥味。 ▲用沙茶還有洋蔥去爆炒，更炒出花蟹的香氣，吃起來不油膩沒負擔。 「黃金炸彈炒飯」是店內的創意擔當，最特別的地方就是先將荷包蛋炸到半熟加入火腿、肉絲、蝦仁，炒起來粒粒分明卻又不乾，半熟蛋在碗裡爆炸，蛋黃滲進炒飯中，口感超滑順。 ▲扒開七顆半熟蛋會立刻爆漿，蛋黃滲進炒飯裡，包覆著飯粒，讓口感更滑順。 最後來碗「豬腳四神湯」做個完美結局，使用多種藥材熬煮，食材都是真材實料，透出淡淡的酒香氣，連豬肚吃起來都是香的，連這樣的功夫菜都做得如此用心，真的是CP值超高的海產店。 ▲外面飄著細雨，在港口旁吃美食，很有港都的氣息。 阪城海鮮料理地址：高雄市鼓山區濱海二路25號電話：（07）533-5556時間：17：00～01：00（週一休） [編輯 食尚TV精選] 撰文 高瑞克／圖片 節目部來去住一晚 加入食尚玩家LINE  好康不漏接
21,22.小胖鹽酥雞,4.0,現正營業: 11:30-21:00,高雄市鼓山區延平街1號,"There is an unknown connection issue between Cloudflare and the origin web server. As a result, the web page can not be displayed. Please try again in a few minutes. There is an issue between Cloudflare's cache and your origin web server. Cloudflare monitors for these errors and automatically investigates the cause. To help support the investigation, you can pull the corresponding error log from your web server and submit it our support team.  Please include the Ray ID (which is at the bottom of this error page). Additional troubleshooting resources. Cloudflare Ray ID: 8858c2d80aeae041
•

      Your IP:
      Click to reveal
2402:7500:a61:1337:19a:5f7d:11f1:1847
•

Performance & security by Cloudflare"
22,23.家味堂,4.5,現正營業: 11:00-14:00,高雄市鼓山區鼓元街72號,家味堂專業炒飯 地址：高雄市鼓山區鼓元街72號 電話：0938-272257 營業時間：11:00~14:00 17:00~20:00(週六公休) 哈瑪星美食平價不思議，每次都有挖到寶的感覺，只要口袋掏出100元，有飯有湯吃好飽，鼓元街上的家味堂專業炒飯，由一對年輕老闆夫妻經營，因為只有兩個人，如果遇到人多的時候請耐心等候一下下 老闆體恤中山大學實驗室的同學都很忙碌，避開尖峰時間有提供外送服務，記得提早打電話預約喔 炒飯使用的米都是當天現煮，老闆說米跟水的品質、比例很重要，只選用台灣米，吃起來就是特別Q彈，粒粒分明好好吃 突然有了稀奇的發現！拉開蒸籠是一盅一盅的燉湯耶！好下功夫，而且只要35元就喝的到！ 家味堂菜單，鮭魚蛋炒飯只要60元？真的沒有看錯！ 人氣王前三名：牛肉蛋炒飯、鮭魚蛋炒飯、打拋豬蓋飯 內用空間冷氣開放 煙燻豬耳朵 NT.30 連小菜份量也比別家多，煙燻香氣好開胃 涼拌洋蔥 NT.30 淋上泰式酸辣醬汁，清脆爽口 蒸蛋 NT.25 超愛吃蒸蛋，馬上就選他，柔軟細緻入口即化，讓人難以抗拒的美味，比一杯搖搖紅茶還便宜，不吃怎麼可以 牛肉蛋炒飯 NT.70 店內所有料理都不加味精，給學生吃的就是要健康，牛肉蛋炒飯大火炒得金黃油亮，蛋香肉香蔥花香，馬上吃光光 份量很多，對菓子來說吃不完，大胃王可以加飯只要+10元 很多學生來吃，都指定要加老闆的特製辣油，家味堂的辣椒油跟別人家的不一樣，是用低溫100度烘烤六小時製成，獨特的辣香味一定要加看看喔！ 打拋豬蓋飯 NT.70 煎蛋可以選擇半熟還是全熟 跟想像中的不一樣，是不辣的打拋豬蓋飯，老闆特別改良研發不辣也不酸的台式口味，自製泰式酸辣醬，保留東南亞的香味，豐沛的醬汁讓米飯更好入口，加入洋蔥、豆干、四季豆、豬絞肉，半蓋飯半燴飯的做法相當受學生歡迎 蒜頭雞湯 好喜歡喝燉湯，把精華通通濃縮起來，湯頭就是特別鮮美甘甜，全部喝光光 雞肉軟嫩不柴口，湯頭蒜頭香氣大噴發，超好喝的 金針排骨湯 NT.35 很少小吃店有賣金針排骨湯，菓子超愛喝的，脆口的金針入湯，加點薑絲爽甜清香 家味堂專業炒飯，有家的味道，對燉湯特別情有獨鍾，吃過會想念的好滋味，推薦給澎油們
23,24.桶一天下-西子灣店,3.7,"今日營業: 00:00-00:30, 16:30-00:00",高雄市鼓山區臨海二路51之2號,桶一天下現滷滷味 地址：高雄市鼓山區臨海二路51-2號 電話：0929-517967 營業時間：17:00~00:00 哈瑪星美食好多多，西子灣宵夜吃什麼？ 鄰近捷運西子灣站，在鼓山國小對面的桶一天下現滷滷味，嚴選30餘種中藥材滷包來熬煮黃金滷汁，遠遠就聞到「醍醐味」，門口大紅燈籠高高掛，很多中山大學的學生騎車來幫室友買，一次都買好幾份，有提供foodpanda外送服務 有內用座位，整齊乾淨 桶一天下同時也是哈瑪星商圈借問站 食材新鮮選擇好多樣，價格公開透明，哈瑪星的店家都對學生特別照顧，就怕你肚子餓，憑學生證滿百送王子麵一包喔！ 想吃多少夾多少，火鍋料任選4個20元很便宜，最適合女生小鳥胃，有選擇障礙就直接挑經濟套餐區最快 鴨胗、雞脖子、大腸頭、豬耳朵、豬腱肉、豬心、豬皮，每一樣都想夾 現在消費滿百元還送豬肉片or洋蔥二選一，難怪看同學都買好多 我們點了蒸煮麵、高麗菜、豬腱肉、大豆干、油豆腐、菜頭、貢丸、小熱狗、青江菜，夾了滿滿一盤愛吃的滷味就是滿足啊！可以吃辣的朋友建議點小辣，更噴香喔~ 沙茶口味就是絕配，撒上蔥花，濃郁香醇，鹹香暖胃，在微涼的秋天夜晚吃滷味，有幸福的感覺 豬腱肉都是瘦肉，久燉入味，柔嫩彈牙不油膩，與日本松阪豬的口感相似度超高 菜頭甘甜飽滿，吃滷味必點 蒸煮麵彈牙有嚼勁，非油炸吃起來沒負擔，不用擔心外帶會爛掉，吃完很有飽足感 喜歡豆干一咬就爆汁的口感，醬香味在口中久久不散 脆口高麗菜馬上掃光 滷味怎麼吃都好吃，有點餓又不會太餓的好選擇，推薦給澎油們
24,25.阿雪小吃部,4.5,"現正營業: 11:00-14:30, 16:00-20:30",高雄市鼓山區延平街8號,"越是親民的招牌名稱，越是local
鼓山區美食推薦這家重口味的在地美食 阿雪小吃部，用餐時在人潮很多
在地人、學生都很喜歡來用餐，份量不算多、算很重口味開胃，內用紅茶免費喝
中山大學附近的美食小吃，追起來，學生推薦的阿雪小吃部 阿雪小吃部
位置:高雄市鼓山區延平街8號
營業時間:11:00~20:30(週六公休)
電話： 07 521 5670
線上菜單與價格:VIEW 陽春麵、炒飯、燴飯、豬肉麵都有，鄰近西子灣的美食
人潮沒有斷過的阿雪小吃部，在地數十年的老店
在地人都愛這家美食，連學生都會來吃 很純樸的在地風味小吃美食，用餐時間外帶、內用人潮都很多 點完餐點就可以先喝紅茶解渴、消暑 餐點應該都很時價，菜單上面沒有標註價格，可以先詢問店家
桌面上的紙張菜單上面有價格，或者上粉絲團查看 固定禮拜六公休，不要撲空唷! 醬油香辣炒飯好吃推薦，帶有辣度、非常重口味
份量不算多，需要再加點一些湯品、蛋來搭，才能吃飽 炒飯挺好吃的，很簡約的配料、帶有鍋香氣味，醬油提味加入辣度，整個味蕾大開 米粒都很夠味，顏色都很均勻~唰嘴又開胃 充滿阿嬤古早風味的荷包蛋，淋上醬油~~~焦香風味好邪惡! 醬油荷包蛋，有些會過熟、有些保有濕潤的蛋黃 家常熱炒美食 沙茶豬肉也很南部風味，帶有甜味~~米飯在底下整個被沙茶豬肉掩蓋，帶濕潤度 餛飩都是自家手工包的，很推薦必嘗鮮
湯品內的蔬菜也給的很多，清甜湯頭很溫暖 餛飩很滑溜順口帶一點外皮的扎實口感 阿雪小吃部
位置:高雄市鼓山區延平街8號
營業時間:11:00~20:30(週六公休)
電話： 07 521 5670
線上菜單與價格:VIEW — 學生推薦高CP值必吃的林媽媽香雞排，古早味炸粉酥脆、咬下香嫩好吃雞排、炸物美食 — 哈瑪星之海派熱誠的郭媽媽臭豆腐、炸物美食 X 唰嘴吃一波～ — 哈瑪星渡船頭巷弄必吃，傳承張家第三代之阿水麵店 ｜1950年創立、70年老店 — 歡迎業配聯繫：[email protected] ░░ 美食、旅遊懶人包 ░░
☻ 夏日消暑冰品
☻高雄手搖茶飲
☻ 高雄春捲.潤餅美食
☻ 高雄吃到飽
☻ 高雄好吃酸菜魚
☻ 高雄輕軌美食、景點
☻ 高雄牛肉麵推薦
☻ 高雄餐酒館推薦
☻ 家庭聚餐推薦美食
☻ 小琉球 吃喝玩樂
☻ 高雄鐵板燒美食推薦
☻ 高雄無菜單推薦
☻ 高雄燒肉
☻ 瑞豐夜市必吃美食
☻ 高雄燒肉、燒肉吃到飽
☻ 龍華市場美食 
☻ 墾丁恆春美食
☻ 高雄香腸大腸
☻ 高雄飯糰
☻ 燒臘、三寶飯、燒腩
☻ 浮誇系丼飯
☻ 高雄老宅
☻ 高雄麵糊蛋餅推薦
☻ 高雄必追包子、饅頭專賣店
☻ 高雄麻糬推薦
☻ 小籠包、蒸餃、湯包
☻ 苓雅市場美食
☻ 防疫外帶美食
☻ 宅在家玩麵包烘焙
☻ 高雄雞蛋糕
☻ 三民市場美食
☻ 高雄屏東熱門親子旅遊
☻ 好吃蔥油餅
☻ 節慶聚餐
☻ 高雄芒果冰
☻ 恆春墾丁 旅遊
☻ 麵包、吐司、手作烘焙
☻ 巨蛋商圈 聚餐
☻ 高雄烤鴨
☻ 高雄披薩
☻高雄必吃鴨肉飯、麵
☻高雄臭豆腐
☻ 高雄散步美食
☻芋頭控
☻ 鐵板牛排
☻ 巨蛋商圈美食懶人包
☻ 小琉球好吃好玩全記錄
☻ 高雄素食、蔬食
☻ 文山特區美食特輯
☻ 日本料理特輯
☻ 高雄好吃泰式料理
☻ 懶人包熱壓土司三明治
☻高雄必吃古早味蛋餅
☻ 高雄拉麵懶人包
☻ 高雄咖啡特輯
☻  高雄必吃甜點 
☻ 嚴選超過50家高雄必吃路邊攤小吃、超夯人氣美食
☻ 精選高雄老店小吃、老店家，超過30年人氣老店持續發燒（超過60間）
☻ 瑞豐夜市美食
☻ 台南好吃好玩
☻ 鹽埕美食
☻ 起司控特輯
☻ 高雄人氣飲品
☻ 高雄早午餐特輯
☻ 日本料理特輯
☻ 高雄咖啡特輯
☻ 高雄甜點
☻ 高雄韓國料理大特輯
☻ 高雄泰式料理
☻ 高雄拉麵懶人包
☻ 高雄必吃古早味蛋餅
☻ 懶人包熱壓土司三明治
☻ 高雄涼麵大集合
☻ 高雄港式料理
☻ 高雄約會聚餐特輯
☻ 高雄必買伴手禮
☻ 高雄火鍋特輯
☻ 懶人包日式拉麵
☻ 高雄港式料理
☻ 超過30年人氣老店（超過60間）
☻ 網路超夯宅配、團購 
☻ 高雄必吃麵攤
☻ 泰式料理特輯
☻ 屏東旅遊 X 屏東美食懶人包
☻ 高雄燈會、衛武營燈會"
25,26.古典玫瑰園 Tea & Art 打狗英國領事館,4.0,現正營業: 10:00-19:00,高雄市鼓山區蓮海路20號,美食好芃友 高雄美食 台南美食 全台旅遊 國外旅遊 英式三層下午茶不稀奇，但假如 在超美的歐風古蹟建築，邊吃 下午茶邊賞高雄西子灣海景呢？ 古典玫瑰園和高雄文化局合作的 古典玫瑰園打狗英國領事館文化園區， 是非常受外地觀光客歡迎的 高雄景點！不僅有可眺望高雄港、 西子灣夕陽的古蹟紅磚洋樓， 還可以在這享用英式三層下午茶， 啜飲英式紅茶、英式奶茶！ 也因為茶飲與茶點有一定口碑， 又有得天獨厚的賞海景位置， 近兩年古典玫瑰園打狗英國領事館 已成為韓國觀光客指定必來高雄景點， 每到假日或寒暑假都一位難求啊！ 1879年完工啟用的打狗英國領事館， 140幾年來走過歲月更迭，十幾年前 高雄市政府文化局重新規劃，終於在 2013年再次重現。參觀路線可由 山上的領事官邸沿著古道蜿蜒， 漫步行至山下領事辦公室。 而2013年起，打狗英國領事館 也委由臺灣最大的英國茶連鎖體系 及下午茶第一品牌古典玫瑰園經營， 提供英式茶飲，並以「高雄海景 英式下午茶」打響口碑，成為 不少外地觀光客必來高雄景點。 大家知道的打狗英國領事館文化園區 分成山上園區跟山下園區兩部份。 我們這天去的是有海景下午茶的 山上園區，車停在靠西子灣側停車場， 走出來後有個樓梯就上去囉！ 樓梯看似很多層，爬上去不會太喘， 這天遇到一對祖父祖母帶小孫女上去， 一歲三個月的小孩是自己走上去的唷～ 抵達步道頂端，英國領事館館外啦！ 向好久不見的母校中山大學say hi～ 身為校友，平常進出中山大學， 超少從這角度眺望母校；但每次 在晴天遇見蔚海旁的西子灣大學， 總覺得自己無比幸運，曾經在 這麼美麗的校園待過大學四年。 打狗英國領事館是文化園區， 進去酌收門票，高雄市民可享 優待票一人49元，很親民啦～ 大學時跟同學來過打狗英國領事館， 但要說懂得欣賞建築與園區的美， 應該是後來在學校工作那段期間， 帶外籍參訪團參觀的幾次行程。 隨著年紀漸長也才知道，一個 百年古蹟要修棄保存下來多不容易， 更何況還是在海邊，海風侵蝕的古蹟。 幸運遇上高雄冬天難得一見的 晴朗無雲、無霾害的藍色天空。 也讓英國領事館的紅磚更有味道。 古典玫瑰園打狗英國領事館文化園區 有樓上座位區，但也有這種戶外座位， 可在古典玫瑰園外帶區買杯飲料， 帶來這喝茶、欣賞船隻來往的高雄港。 在園區內逛著逛著，也遇到 複習流星花園pose的觀光客們 （懂這梗的都有年紀了吧！！） 古典玫瑰園進駐打狗英國領事館文化園區， 將品牌英國茶飲、英式下午茶與之結合。 也利用一部份文化園區空間來介紹 傳統英式下午茶的起源與背景。 上到打狗英國領事館二樓， 則是古典玫瑰園門市。 除了可在此點餐，現場也販售 古典玫瑰園所有茶葉、茶包 以及品牌代理的瓷器與杯盤。 古典玫瑰園多款茶品都有得到 食品界的米其林iTQi認證， 在現場都喝得到，喝了喜歡， 門市也都販售瓶裝茶葉、茶包， 讓客人可以買回家沖泡。 而走出二樓門市，也看到高雄港景、 藍色西子灣框在一個個拱門窗裡， 每個角度按下快門都是極美風景。 轉個彎，來到我們這天的目的地～ 打狗英國領事館下午茶海景座位！ 這區座位超熱門，明明是平日下午， 我們提前一週預定，下午三點後， 這裡座位全坐滿欸！ 不想曬太陽，想要在室內用餐區， 古典玫瑰園打狗英國領事館文化園區 也有優雅的室內品茶座位喔！ 這天我們是下午前來古典玫瑰園， 體驗的是威廉王子下午茶，以及 兩份西式排餐。文末附上菜單， 大家可以前往參考餐點內容喔～ ▼威廉王子下午茶套餐（兩人份）$699 很澎湃的英式三層點心一套， 加上任選兩份古典玫瑰園茶飲， 這樣價格其實不貴誒！況且～ 這裡還有厲害的西子灣海景！ 很多高雄下午茶店三層下午茶 賣差不多這價格也完全沒景色可看。 吃英式下午茶都要從底部吃起唷！ 正統英式三層下午茶最底層是三明治， 再上來是司康與果醬、先奶油抹醬， 最上層則是甜蛋糕、巧克力和派類。 古典玫瑰園的三層英式下午茶 第一層是鹹派與三明治， 份量都算大，鹹派好吃， 但更喜歡三明治！有個細節很棒， 這種三層下午茶的茶點通常都是 事先做好，但這天吃到的三明治， 是少數吃到麵包依舊保持鬆軟口感的！ （我從加拿大、英國吃到澳門、台灣， 太多英式下午茶的三明治麵包是乾的） 第二層則是英式玫瑰司康、 英式烤布蕾與日式燻雞小塔。 司康口感還不錯，建議第一口 先吃原味，再搭果醬一起品嚐。 最上層則是超豐富的甜點層， 古典玫瑰園水果茶製作的茶凍、 瑞士頂級巧克力、酒釀櫻桃布朗尼、 英式櫻桃起司、 彩虹藝術蛋糕。 我對水果茶凍和酒釀櫻桃布朗尼 印象挺深刻，算外面少吃到的～ ▼玫瑰奶茶（熱/半糖） 這個玫瑰奶茶是古典玫瑰園招牌， 適用的基底茶為 2022 年榮獲 比利時米其林級 ITQI 二星獎項的 古典玫瑰園『玫瑰花瓣特調茶』， 搭配特製奶茶粉調製。優雅玫瑰香氣 與特殊奶香融合，加上恰到好處的甜， 吹著海風的18度午後喝這個好幸福啊！ ▼古典玫瑰園水果茶（熱） 這款水果茶是綜合果汁搭配 新鮮水果，以高等級錫蘭紅茶 調製而成，水果香氣層次豐富， 也是古典玫瑰園創店以來 最具口碑的招牌水果茶。 除了英式三層下午茶，我們也吃到 紐約克牛排與義式香草烤雞套餐唷！ 套餐都有附湯品和麵包。這天湯品 是蕃茄濃湯，番茄甜味很棒， 而且夠濃稠，冬天喝格外暖胃。 ▼紐約客牛排套餐 $899 （含湯、麵包、茶飲） 紐約客牛排這天主廚做七分熟， 吃起來嫩中帶嚼勁，調味不複雜， 只加少許玫瑰鹽提味。 ▼義式香草烤雞套餐 $625 （含湯、麵包、茶飲） 本來比較期待牛排，殊不知 這天讓我們家大為驚豔的 是這隻義式香草烤雞！！ 外皮金黃，肉嫩且超多汁， 即使放涼一陣子都還是嫩又多汁， 我爸後來把一整隻雞吃完～ ▼熱至尊錫蘭鮮奶茶 精選烏巴茶園和丁普拉 二個高地的莊園紅茶混合成的 錫蘭紅茶。茶感厚實， 帶有蘭花香氣與柑橘甜酸， 而尾韻有麥芽香甜加上鮮奶 變得相當溫醇，非常好喝～ ▼熱皇家伯爵大師茶 ▼熱大吉嶺初嶺茶 這兩款蠻喜歡皇家伯爵大師茶！ 古典玫瑰園顧問英國製茶大師 Mr.Timothy Clifton以錫蘭頂級紅茶 為基底，加入天然佛手柑精油調配， 有獨特迷人的濃郁香氣。 而蠻多人選在下午三點多到 古典玫瑰園打狗英國領事館吃下午茶， 就是要等傍晚的西子灣夕陽啦！ 像冬季落日時間在17:00-17:30之間， 選在三點多來吃，吃完看夕陽， 時間抓得超級剛好！ 來打狗英國領事館那麼多次， 這是我第一次看到這麼美的夕陽！ 不管從建築外觀或所在地景色來看， 古典玫瑰園打狗英國領事館文化園區 絕對是古典玫瑰園品牌最特別分店之一！ 畢竟得天獨厚的海景可不是處處都有， 而英式下午茶配上英式建築也格外對味， 加上價格並沒有非常重，也難怪 只要到週末或連假必定客人坐滿滿。 下回若有朋友來高雄，會想再帶他們 一起來享受這超浪漫高雄海景下午茶～ 發佈留言必須填寫的電子郵件地址不會公開。 必填欄位標示為 * 留言 * 顯示名稱 * 電子郵件地址 * 個人網站網址 在瀏覽器中儲存顯示名稱、電子郵件地址及個人網站網址，以供下次發佈留言時使用。 Δ ▲2016/10/22 衛視中文台冠軍任務 ▲2016/10/22 衛視中文台冠軍任務 Copyright © 2024 美食好芃友. All Rights Reserved.
26,27.蛋板捲,4.0,現正營業: 08:00-18:30,高雄市鼓山區哨船街94號,"There is an unknown connection issue between Cloudflare and the origin web server. As a result, the web page can not be displayed. Please try again in a few minutes. There is an issue between Cloudflare's cache and your origin web server. Cloudflare monitors for these errors and automatically investigates the cause. To help support the investigation, you can pull the corresponding error log from your web server and submit it our support team.  Please include the Ray ID (which is at the bottom of this error page). Additional troubleshooting resources. Cloudflare Ray ID: 8858c2eaf8d0796b
•

      Your IP:
      Click to reveal
2402:7500:a61:1337:19a:5f7d:11f1:1847
•

Performance & security by Cloudflare"
27,28.愛買漢堡店,4.5,"現正營業: 06:00-14:00, 17:00-20:00",高雄市鼓山區鼓元街68號,跟著左豪吃不胖 推薦美食、景點旅遊、親子旅遊、3C開箱 一說到愛買早餐店中山大學的同學們一定有所聞且都吃過！地點就在西子灣渡船站內的美食聚集最多的鼓元街上(代天宮附近)，聽說有人早餐、中餐、晚餐都在這裡解決，CP值之高且老闆娘也很和善，只要一來過幾次馬上就記得你！最熱門的我看應該是香雞排全餐跟鹽酥雞全餐最多人點，當然還有每日套餐可以選擇，飯食、麵食全都包辦從6點賣到晚上8點全包辦。 地址：高雄市鼓山區鼓元街68號 電話：(07) 561-7378 營業時間：06:00 – 20:00 一般都騎機車的學生最多，停在門口即可！如果搭乘捷運來到西子灣站１號出口走出來到這步行約5分鐘內到達。 前往愛買早餐店搭乘捷運地圖路線參閱 一來到愛買早餐店就可以感受到超人氣，不管是室內室外都是坐滿滿，9成以上都是學生！跟著學生吃就是可以吃到大份量又便宜的CP值好店。 因為機車族居多所以門口特別擺放立牌，請勿將機車停放到隔壁70號！以免妨礙別人進出唷～ 當然上面還有每日套餐吃什麼的菜色張貼唷。 <愛買早餐店菜單> 除了早餐之外，還有午、晚餐(11點供應)，每周從星期一到星期日都有簡餐可以選擇喔！ 早餐菜單可以看到都張貼在店家牆壁上，如果是熟客都直接點～～～ 免費喝到飽紅茶提供！ 炒烏龍麵 60元 (加蛋+10元) <建議炒辣好吃> 一送上桌就讓我嚇到！在這大盤炒烏龍麵上份量不用說就是多多多，豐富的配料還有高麗菜、肉絲、蝦子、小卷、貢丸(切)、小魚板、蛋(加選)，口味上對我來說是偏淡一些，想要加辣可以點餐時直接告知一起炒會比較香唷！想要加什麼都可以說不用客氣～老闆娘會記得你 (疑…好像哪裡怪怪低^0^) 自從上次吃過後突然就愛上了 沒多久又二訪來！今天點了每日套餐中的：香蒜雞腿飯(60元)，一樣整盤裝上桌底部鋪上滿滿白飯2樣菜、1顆蛋還有雞腿肉，我超愛這香蒜雞腿上的淋醬，與飯做攪拌後口味更佳，如果在灑上一點胡椒一定更香！(我喜歡重一點的口味^^)，整個吃下來就是一個字 <飽>，如果真的是大大大食量可以加飯喔~老闆娘阿姨會讓你吃到走不出去的。 鍋燒麵 (60元) 可混搭+10元 友人點選的意麵還混搭雞絲麵(+10元)共70元~ 地址：高雄市鼓山區鼓元街68號 電話：(07) 561-7378 營業時間：06:00 – 20:00 西子灣美食: 野FUN食旅 哈利波特小秘室X高雄西子灣海島風！ 廟口銅板美食「順和排骨大王」滿足老饕的胃 九日串燒 西子灣人氣居酒屋！大口吃串燒、限量鰻魚飯登場 愛買早餐店 口味多變分量充足學生最愛！ 很抱歉，必須登入網站才能發佈留言。 Copyright © 2024 跟著左豪吃不胖. All Rights Reserved.
28,29.西子灣沙灘會館,4.2,現正營業: 24小時營業,高雄市鼓山區蓮海路51號,"月初大家在中山大學裡面的西子灣沙灘會館聚餐 會館內的餐廳有分中式跟西式 我們這次去的是月光海西餐廳 餐廳名字聽起來很夢幻吧! 天氣好的時候坐在落地窗旁還可以欣賞海景 可惜今天是雨天  外面霧濛濛一片 點餐方式為單點  加180元即可升級套餐 附沙拉,湯品,甜點跟飲料 我們都加了套餐 沙拉 裡頭有長得很像橘子的水蜜桃片 最特別的是有一瓣石蓮花 石蓮花吃起來裡面還蠻水潤的! 南瓜濃湯 麵包蒜味很香 沾湯吃很不錯 以下是主餐時間 爐烤挪威鮭魚&波菜白酒沙司 本來想點櫻桃鴨 但當天沒有這道所以改點鮭魚 鮭魚配上菠菜白酒醬十分可口 排餐類的主菜都會搭配烘烤南瓜,馬鈴薯,節瓜,紅椒,玉米筍 烘烤類的配菜都很清甜解膩  唯獨馬鈴薯偏硬  稍微可惜了 低溫烹調小羔羊排 眾所矚目的羊排 因為只有一個人點 我分到了一小口試試味道 辣味口感是有後勁的 很推薦大家點羔羊排 香煎德式豬腳&自製酸菜與德式香腸 看起來滿滿一盤好豐盛! 美國無骨牛小排佐野莓醬 牛肉非常的軟嫩! 採低溫烘烤方式所以都是烤到七分熟 如果要求五分熟比較沒有辦法 海皇辣味鮮蝦義大利麵 蝦子很大隻喔! 今天的甜點 椰子蛋糕跟帶點苦味的巧克力塔 飲料沒拍到   我點了冰紅茶 因為只有幾小塊冰塊  喝起來居然是常溫的 用完餐後可以到戶外的沙灘走走拍照 旁邊有間小巧的玻璃教堂 高雄在地人好像比較不容易注意到西子灣沙灘會館裡頭的餐廳 但這次的用餐經驗是愉悅的 服務人員也很親切有禮 很適合慶生 聚餐 商務聚會 最後來個報馬仔  中山大學校友有打折 西子灣沙灘會館月光海西餐廳 高雄市鼓山區蓮海路51號(中山大學內) 07-5250005 歡迎按讚加入FB甜不辣的小窩"
29,31.73階蔬食咖啡,4.4,今日營業: 11:00-20:30,高雄市鼓山區蓮海路70號中山大學學生活動中心3F,"營業：09:00-20:30(週一公休)
電話：07-5252566
地址：高雄市鼓山區蓮海路70號(中山大學活動中心3F)
平均：$250-300/人(低消$50) 【無刷卡】
推薦：薩茲堡煎餅、豆腐盅佐蛋炒飯、易北河麵片
服務：包廂、WIFI、吸菸區、插座、有投影機
優惠：憑姐妹淘VIP卡消費贈甜點，點C餐or特別餐以上打9折
加入：姐妹淘LINE即可索取VIP卡
加入：姐妹淘Line ID：@tao.idea
菜單：高雄73階蔬食咖啡菜單 最近發現一家超棒的高雄觀海咖啡廳

73階蔬食咖啡在這裡有絕佳的觀海視野
還有寬敞又舒適的用餐空間
最棒的是低消只要$50
沒有用餐時間限制
愛坐多久就坐多久
但是最令我著迷的是這裡的蔬食餐點！


每一道料理都是以新鮮的蔬食及菇類結合創意變換出的獨家特色料理，每一道創意料理都讓你身在素食中不知素，吃到渾然忘我，忘記肉的味道是什麼！原來素食也可以這麼好吃！


另外這裡還有提供超大的會議空間，黑板、白板、桌椅、投影機，開會必備的設備全都有！ 而且空間隱密卻寬敞舒適
整片的落地窗讓陽光灑入
即使開會也不沉悶
最棒的是還有美味的餐點相伴在旁
這麼棒的用餐空間
不管是要辦婚禮、活動、慶功宴都是超棒的選擇！ 來一場蔬食Buffet饗宴吧！ 73階就在中山大學裡有全家的那棟大樓上面，稍微仔細看一下就會找到了～阿我看到這樓梯就知道為何他叫73階了....我累...(到底有多不愛走樓梯..) 一走進來就會看到廣大的庭院
感覺可以在這裡辦好多活動！ 像是社團每學期必備的
迎新活動、慶功宴
或是各樣需要大場地辦活動的都好適合 而且這裡的景觀真的超棒！
一眼望出去就是遼闊的海洋～
想必這裡也很適合辦小型婚禮吧！
想像一下～在室內辦buffet
戶外辦舞會整個就超西式的婚禮形式呀
再搭配夕陽如詩如畫的風景
放著很Romantic的音樂跳著慢舞......
噢！整個就超級浪漫的啦～ 如果是開車來這裡的話，可以把車停在海科院旁的停車場，就在一開進來右手邊有警衛的那邊，只要跟警衛說「要來拜訪73階」就可停囉！ ※週六日要付停車費60元
千萬不要停教職員區 店內的環境則帶有點工業休閒風格～
每桌的位子都相當寬敞舒適，桌與桌之間的距離也抓得剛剛好～不會過於緊密而覺得沒有自己的空間甚至會聽到別人的談話內容 有看到右邊牆面上，放著一罐罐大釀桶嗎？
那一大罐都是闆娘自己釀製的梅子醋！
雖然釀桶的外觀跟裝潢有那麼一點點不搭嘎
但可以清楚證明真的是親釀的哈哈哈哈哈 店內還有一個隱密大包廂，可容納30-40人左右，裡面有提供白板、黑板、投影機，可供辦研討會、小型演講、開會等等，在學校什麼事不多最多就是要開會，不管是跟老師的meeting還是社團幹部會議、系會議等等各種會各種開，但其實畢業後也是各種開會...跟客戶、廠商等等... 但如果是來這裡開會，就算每天開我都願意，除了空間超大以外，挑高裝潢及木質建造，整個氛圍就很舒服～就算開起會來也不覺得壓迫了～ ※會議室低消6000元
※限制：最多4小時 這家73階蔬食裡面賣的全部都是素食料理
但特別的是...這裡面所有餐點在外面幾乎沒看過
因為每一道都是主廚自己設計的
每一樣都超特別，光是看菜單我就餓了~ 像是這道茄汁燉飯是以台灣食材結合義式料理手法製作而成，餐盤邊邊一點一點的是梅汁，嚐起來酸酸甜甜的，不過最特別的是中間的番茄包飯，一切開，裡面包了滿滿的燉飯，燉飯口感就像義式燉飯一樣，米芯微硬，味道上帶有番茄的酸甜味～底下是焗烤洋蔥，洋蔥清甜又脆口，整體搭起來特別又好吃！ 正式套餐C的主餐每次都不一樣
所以...大家無緣再相見了噗噗
這獨家美味我只能自己收下了~ 共有三種套餐，一般套餐、正式套餐A、正式套餐C，每組套餐內容不一樣
※只有點正式套餐C可享姐妹淘獨家9折優惠唷！
其他套餐則是消費就送甜點乙份 正式套餐C的套餐內容有：主廚濃湯、番茄奶酪沙拉、主廚特製前菜X2、醋飲、主餐、飲料跟甜點 是不是粉泡的濃湯喝一口就知道！
這一碗南瓜濃湯充滿濃濃的南瓜味
就像是整顆南瓜下去做的一樣
香醇濃郁而且沒有奶油的膩口感
真心好喝～而且這種南瓜濃湯
我只有在偏高價位的餐廳喝到過
以這種平價的價位可以喝到這種等級的
真的很難得～～ 南瓜濃湯還會附上一份麵包
這個甜蔓越莓麵包我也很愛！
淡淡的小麥香及蔓越莓的酸甜味
讓平凡無奇的小餐包穿上彩衣
令人喜愛！ 我本身不愛吃麵包
但當這個小麵包被友人搶走的時候
竟然讓我急著把它搶回來
（差點沒拿刀插那個人哈哈哈哈）
你就知道他有多好吃了～～～ 終於有沙拉不是一大碗的生菜了（灑花）
我特愛特愛這道，現在想起來還想再吃一次～ 把胡椒乳酪、番茄及羅勒葉一口吃下
會感受到胡椒乳酪片的鹹香醇厚
及番茄清爽酸甜、羅勒的香氣
最後點綴上陳年的巴薩米可紅酒醬提味 
三種看似不搭嘎的食材
結合在一起竟然可以這麼好吃～ 聽說這道餐點有一個小小的浪漫故事
詳情請自行上粉絲團搜尋哈哈哈
是說....這道特製前菜...我大推！ 切成薄片的麵片
吃起來口感很特別
涼涼QQ又ㄉㄨㄞㄉㄨㄞ的
搭配混合美乃滋的胡麻醬一起吃
胡麻的香濃與淡淡甜味超match!
會讓人想一口接一口狂吃～ 茄子是我的愛💕
不...這裡每道菜都是我的愛哈哈哈哈
而且這道菜也太特別了
特別選用日本的茄子畫上好幾刀
在中間夾著迷迭香及大豆蛋白 茄子吃起來口感外層軟脆內層軟綿
搭配大豆蛋白及迷迭香增加口感及香氣
滋味並不鮮明，淡淡的味道卻很好吃~ 前菜出完後，會上一杯闆娘親釀的梅子醋飲，讓你可以去去前菜的味道，用乾淨的味蕾迎接主餐 自己釀的味道跟化學泡的真的有差
梅子醋飲味道雖然酸但不刺鼻也不嗆喉，尾韻還會回甘，裡面的梅子也可以吃，果肉軟軟脆脆的挺好吃～ 正式套餐A的內容有：主廚濃湯、番茄奶酪沙拉、醋飲、主餐六選一、飲料、甜點 套餐內容大部分都跟正式套餐Ｃ重複，就不再多做介紹囉！ 這個豆腐盅超特別的～
把一塊嫩豆腐中間挖空後放入滿滿的配料
最後灑上起司絲焗烤封口 我永遠忘不了那嫩豆腐軟嫩如豆花般的口感，還有豐富到讓我記不起有多少種的內餡配料，外層灑上香辣粉，香辣夠勁更提味～ 底下則是青醬松子蛋炒飯，特別的地方在於這炒飯加入青醬松子一起炒，讓整體的味道鹹香濃郁，而且每一次挖起來都有滿滿的配料，讓我越吃越涮嘴，漂流美也超愛這份炒飯，第一次看他一直吃同一盤料理，可見真的很好吃～ 不過我個人最喜歡主餐是這份！
一開始看到名字很特別就點了
沒想到亂點也能點到我的最愛～ 整道餐點的靈魂人物就是這個薩茲堡
先把馬鈴薯磨成泥後加入杏鮑菇絲
最後再把外表煎成金黃香脆的圓扁狀 底下是地瓜煎成薄餅狀，這地瓜超甜超好吃！外層脆脆內層鬆軟綿密，好好吃吶～（飛上天轉圈） 吃起來的口感鬆軟不乾帶著杏鮑菇的軟脆口感，蘸著清爽酸甜醬料一起吃，更加提味好吃～～讓我一個人吃完整塊餅都不是問題！！ 旁邊是清炒時蔬，竟然有我最愛的櫛瓜，直接先加100分！！以260這個價格來說，可以吃到一整份套餐並選用好的食材這點真的很划算欸！ 套餐的飲料有美式咖啡、紅茶、蘋果醋、現打果汁，四選一！ 美式咖啡是曼特寧咖啡，口感柔和厚實，味道稍微偏酸一些 飲料中我最喜歡紅茶
選用伯爵紅茶
喝起來茶香清爽不澀口
完全不輸外面的飲料店！
飯後喝一杯就是完美的Happy Ending~ 蘋果醋稍為比較普通一些
個人還是最推薦點紅茶~ 甜點有三種，布朗尼、奶酪跟當日甜點
每一種甜點都是店家手工自己做的！
奶酪上的果醬有點像是莓果醬
酸酸甜甜的很好吃
就算單吃也不死甜 三種甜點中我最喜歡這個草莓蛋糕！！
草莓蛋糕也是店家手工製作
蛋糕口感吃起來很輕盈又鬆軟
就像在吃雲朵一樣一入口就化開～
搭配中間的草莓果醬
酸酸甜甜的滋味更好吃！
我都想直接預訂一個帶回家孝敬我老媽！ ※透過姐妹淘預約訂位，個人消費滿200元即贈甜點一份，甜點可能是奶酪、布奶尼、當日甜點，由店家自由提供。 布朗尼的口感相當扎實
但是味道不甜膩
搭配咖啡一起吃很剛好～ 南瓜濃湯、甜蔓越莓麵包、番茄奶酪沙拉、易北河麵片、迷香茄子、梅子醋飲、豆腐盅佐青醬松子蛋炒飯、薩茲堡煎餅佐時蔬地瓜、美式咖啡、紅茶、蘋果醋、奶酪、草莓蛋糕、布朗尼 詳細菜單請看→73階蔬食咖啡 ※憑姐妹淘VIP卡消費贈甜點，點C餐or特別餐以上打9折
※消費滿$200/人，贈甜點(布朗尼/奶酪/當日甜點)
※特別餐9折，不得併用其他優惠
※別擔心,優惠尚在有效期間，歡迎加入LINE@訂位
※姐妹淘LINE (ID:@tao.idea)

📍已經先跟店家預約 
則不適用姐妹淘優惠 
請勿雙邊訂位,造成困擾 對肉食主義者來說一整餐只吃菜根本就是要我的命，但是這家73階蔬食就算上一整桌的蔬菜，我也能全盤掃空！ 以前對素食的印象就是素菜味很重，那個味道實在很不討喜，但是這裡的每一道料理幾乎都是用新鮮的蔬菜及菇類來變化出不同的餐點，每一道料理都都獨具特色，也幾乎都是外面沒有看過的特色料理！


而且在這麼棒的觀海咖啡廳裡，抵消只要50元，完全打趴其他家觀海咖啡廳啊！


一般的觀海餐廳通常只有美景但食物都普通通，重點是價格很貴但是在這裡環境好、空間寬敞、座位舒適、餐點好吃，最重要是價格便宜又沒有用餐時間限制，我找不出有哪裡比這裡更超值的觀海餐廳了～ 不管是要來聚餐開會或是辦活動這裡都非常非常適合！超級推薦這個秘密景點給大家！
另外也可以來慶生或是約會也都很適合唷！吃完飯還可以看著夕陽下山再一起回家多浪漫啊 馬上加入姐妹淘粉絲團！最新美食話題都在這！ 即時追蹤！第一手情報！
      隱藏版美食消息不藏私 搜尋ID:@tao.idea
      加入姐妹淘 美食一把罩"
